variance,avg_isolated,avg_num_communities,avg_modularity,avg_similarity,epsilon
0.0971391172221484,32.2,2.4,0.0008003999995992456,0.6423185804990064,0.0
0.09162232634684678,39.8,2.4,0.0007004501999497221,0.6536005160535068,0.001002004008016032
0.09027367270904173,33.8,2.8,0.0009005251497744185,0.6567310643551625,0.002004008016032064
0.0910765274846872,34.2,2.4,0.0007003499996493318,0.6580368062814843,0.0030060120240480957
0.09143162505560087,40.4,2.6,0.0010002745488231232,0.6584061716097505,0.004008016032064128
0.09091965858231695,39.0,2.2,0.0007003249495742316,0.6548935991836127,0.00501002004008016
0.09153167864090178,37.2,2.0,0.0005003000998997384,0.6564960145040389,0.0060120240480961915
0.09198041243584275,35.4,1.8,0.0004002500999498054,0.6522741082580318,0.007014028056112224
0.09128143003931953,38.6,2.2,0.0006000745490234929,0.6563458685034362,0.008016032064128256
0.08917194411326608,34.8,2.0,0.0005003000998997385,0.6608747764562797,0.009018036072144287
0.09072440464013797,35.2,2.2,0.0007003499996493347,0.6590815826699021,0.01002004008016032
0.09155265234512955,40.0,1.8,0.00040022504987472445,0.65856188612528,0.011022044088176352
0.09010501132503165,36.8,1.8,0.0005002750498246382,0.6636174747178473,0.012024048096192383
0.09096422877033422,37.0,1.6,0.000300225150075042,0.6604074278843854,0.013026052104208416
0.09088526155623529,35.0,2.8,0.0010004999994990675,0.6599500891924214,0.014028056112224447
0.09147904915646031,39.6,1.8,0.0004002751500249307,0.6565633800417725,0.01503006012024048
0.09012020730794683,33.4,1.6,0.0004002250498747053,0.660752025701426,0.01603206412825651
0.0914290673446396,33.8,2.6,0.0008004500997494489,0.6622963627906924,0.017034068136272545
0.09037684430776123,36.2,2.6,0.0008004250496743458,0.6611003512834864,0.018036072144288574
0.08994158120567408,33.6,2.2,0.0006004001999998334,0.6646201693065069,0.019038076152304607
0.09018809281914864,32.0,1.4,0.000200150100050028,0.6660352439714282,0.02004008016032064
0.0898180679765436,34.6,2.2,0.0006003500998496272,0.6649880939128048,0.02104208416833667
0.08931256486915636,35.8,2.0,0.0005003502000499448,0.6686010826738193,0.022044088176352703
0.09126924025266654,34.8,3.2,0.0015003992981971518,0.661411623682997,0.023046092184368736
0.09061969678046404,37.0,2.4,0.000800475149824555,0.6670895642197033,0.024048096192384766
0.09007087993416923,38.0,3.2,0.0012004246488731007,0.6654071337583021,0.0250501002004008
0.09029938810307597,36.8,2.2,0.0006002999996994431,0.6650232273634668,0.026052104208416832
0.09095731206944846,33.2,3.6,0.0015005746487228588,0.6645801034126889,0.027054108216432865
0.08911048928797273,36.6,1.4,0.0003001750499248165,0.6705500848967813,0.028056112224448895
0.09113187710376856,36.0,2.2,0.0006003751499247524,0.6671147024333977,0.029058116232464928
0.0894752658657374,39.8,1.8,0.0004002751500249307,0.6668781841713681,0.03006012024048096
0.09067520072114049,33.8,2.2,0.0006004001999998334,0.6659543503679342,0.03106212424849699
0.09105685192201715,36.4,2.4,0.000800475149824555,0.6665715880645616,0.03206412825651302
0.08795270412787767,36.0,2.0,0.0005002750498246132,0.6751075514149139,0.033066132264529056
0.08987475927682549,29.6,2.2,0.0006003751499247524,0.6692216291999356,0.03406813627254509
0.09090555656333689,31.0,2.6,0.0008005001998996552,0.6697672369884978,0.03507014028056112
0.08893228805649564,34.2,3.4,0.0012004246488731423,0.6722129542661353,0.03607214428857715
0.0889981526318052,31.4,2.6,0.0008005252499747361,0.6740528673308983,0.03707414829659318
0.08983541372322476,38.2,1.4,0.000200150100050028,0.6707543888252822,0.038076152304609215
0.0889221609539569,32.2,2.4,0.0007004501999497221,0.6759735996396204,0.03907815631262525
0.08903311661163336,34.0,2.8,0.0009005000996993376,0.6754486223445317,0.04008016032064128
0.08927510069539221,34.8,2.4,0.000800475149824555,0.6741549690779252,0.041082164328657314
0.09083122615087014,39.6,1.2,0.000100075050025014,0.6698553487666021,0.04208416833667334
0.08995588408688586,30.2,2.2,0.0009004249494740371,0.676232199307567,0.04308617234468937
0.08968220979564036,34.2,2.6,0.0008003999995992205,0.6771409080534855,0.044088176352705406
0.09090664313757338,36.4,3.4,0.0013006750494238366,0.6744054024905436,0.04509018036072144
0.0887735868772216,33.8,1.8,0.0005003000998997193,0.6757761997396333,0.04609218436873747
0.08859226971571761,34.8,2.8,0.0011004497991485688,0.6768032350501892,0.047094188376753505
0.08878959152566462,35.2,2.6,0.0009004499995491343,0.678622037889651,0.04809619238476953
0.08892180896117136,34.2,2.4,0.0008003498994490394,0.6803298156874861,0.049098196392785565
0.08957715604135226,30.6,2.0,0.00050037525012507,0.6775157411798842,0.0501002004008016
0.08906511984962896,30.4,2.6,0.0009002746490234347,0.6775166409713044,0.05110220440881763
0.08861992595023081,36.2,2.2,0.0010001743485227228,0.6816535187079061,0.052104208416833664
0.08978682458150354,36.8,2.4,0.0007003499996493318,0.6795402242741753,0.0531062124248497
0.08915724647391197,34.4,2.2,0.0006004001999998334,0.6777262306197412,0.05410821643286573
0.08933885156772271,32.2,1.4,0.0003001750499248165,0.682821101510812,0.055110220440881756
0.08925904223544766,37.6,2.0,0.000600274949624343,0.6839080439072095,0.05611222444889779
0.08880447016328756,36.2,2.8,0.0011005249493738368,0.6835803246790546,0.05711422845691382
0.088610379634468,33.2,2.0,0.000600325049774527,0.6826803017874056,0.058116232464929855
0.08696964223287632,31.2,2.2,0.000700349999649357,0.685395955231477,0.05911823647294589
0.0890276217772869,31.2,2.6,0.0009004249494740536,0.6821180450169619,0.06012024048096192
0.08811709924929575,38.2,2.4,0.0007004251498746412,0.6806626272594404,0.06112224448897795
0.08992065768171735,37.2,1.4,0.000200150100050028,0.6802193750883416,0.06212424849699398
0.088450518372807,36.0,1.8,0.0004002500999498054,0.6857361298641779,0.06312625250501001
0.08951456053986073,34.4,3.0,0.001100474849223669,0.6856986996528378,0.06412825651302605
0.08751999276889161,40.0,2.2,0.0006003500998496272,0.6885662214896218,0.06513026052104208
0.08830570060372059,34.2,2.8,0.0011003495988481371,0.6897056974740473,0.06613226452905811
0.08820375088516348,30.2,2.8,0.0009005501998495438,0.6862333876231674,0.06713426853707415
0.08811679644342232,33.2,3.8,0.0015005495986477305,0.686550038300697,0.06813627254509018
0.08732333459051297,37.2,1.6,0.0003002000999999167,0.6887325034856108,0.06913827655310621
0.08791160138057301,33.6,2.6,0.0008005001998996552,0.6882408641752098,0.07014028056112225
0.08710981028680229,28.8,2.8,0.0010003747491235295,0.6908954130135523,0.07114228456913826
0.0889898095863644,34.2,1.4,0.000200150100050028,0.6894122047221534,0.0721442885771543
0.08782309835876685,36.8,3.0,0.0010005751497243517,0.6902074855709444,0.07314629258517033
0.08752327234016524,35.6,1.8,0.000600299999699452,0.6901723304404647,0.07414829659318636
0.08714270288289454,29.8,2.8,0.0009005000996993598,0.6919871356558248,0.0751503006012024
0.08805467353843224,32.6,2.6,0.0008005001998996552,0.6904217236073587,0.07615230460921843
0.08705528592215082,33.2,1.4,0.00030012494977461033,0.6925394511498467,0.07715430861723446
0.08809135009841891,32.8,2.0,0.0005003251499748195,0.6901058141407479,0.0781563126252505
0.08684821893598807,29.0,2.0,0.00050037525012507,0.6931965166651987,0.07915831663326653
0.08747132663763009,33.4,3.4,0.0012005749493237388,0.6936500783683879,0.08016032064128256
0.087681697305706,30.4,2.6,0.0008004751498245299,0.69828142755378,0.0811623246492986
0.08653572827396402,31.2,3.4,0.001200650099549048,0.6999131752119594,0.08216432865731463
0.08716577087609739,36.4,1.8,0.0004002751500249307,0.6943019356706088,0.08316633266533066
0.08642046557783264,32.6,3.0,0.0011006000995991403,0.6995302593719667,0.08416833667334668
0.08588292547776405,36.4,1.8,0.0005003251499748445,0.7013421589505203,0.08517034068136271
0.08659889370054201,32.6,2.2,0.0006004252500749587,0.7001282066416507,0.08617234468937875
0.08715826644884145,29.4,1.6,0.0004002250498747053,0.7013357725313407,0.08717434869739478
0.08759064858909998,34.8,2.0,0.0006004001999998585,0.6994262473000245,0.08817635270541081
0.08497694399181699,27.8,2.2,0.0006003500998496272,0.7030726279760698,0.08917835671342685
0.08589771330097998,31.0,2.2,0.0006003500998496272,0.7021735518265805,0.09018036072144288
0.08687328757775646,31.4,2.4,0.0008004500997494297,0.7016707723021137,0.09118236472945891
0.08703751844207074,31.0,2.0,0.0005003502000499447,0.6997829401216605,0.09218436873747494
0.08858333343159848,31.6,3.0,0.0010005751497243515,0.6987906794173864,0.09318637274549098
0.08619859823208273,25.6,2.0,0.000700425149874647,0.7015207426262894,0.09418837675350701
0.08726243095805,29.0,2.0,0.0005003251499748195,0.7042220722274137,0.09519038076152304
0.08654097419117532,33.2,2.0,0.0005003251499748194,0.7042701963875031,0.09619238476953906
0.08462449917426514,32.2,2.6,0.0008005001998996552,0.7074181057460619,0.0971943887775551
0.08643347021656678,28.2,3.0,0.0011004497991485437,0.7021780864045878,0.09819639278557113
0.0850781222471747,33.0,2.4,0.0009004499995491373,0.7063572610602746,0.09919839679358716
0.08532643219250903,33.0,3.2,0.00130049969889814,0.7102887943396328,0.1002004008016032
0.0868629067503188,32.4,3.0,0.0012005248491735606,0.7051182438445158,0.10120240480961923
0.08642213820647662,34.2,2.0,0.0005003251499748194,0.7080920578555506,0.10220440881763526
0.08369055456932913,28.6,3.0,0.0010005500996492485,0.7097067400187852,0.1032064128256513
0.08579806653072326,29.4,2.4,0.0007004251498746412,0.7093798581744908,0.10420841683366733
0.08546165608125236,31.6,2.6,0.0008003248493739333,0.70952779009583,0.10521042084168336
0.08596030134209298,30.6,2.6,0.0008004250496743458,0.7106831125037439,0.1062124248496994
0.08533792579925548,31.2,3.2,0.001100600099599137,0.7135192747592548,0.10721442885771543
0.08717027115084601,29.8,2.4,0.0007004251498746412,0.712212185200027,0.10821643286573146
0.08428281150040193,28.2,2.0,0.000600274949624343,0.7146692331834263,0.10921843687374748
0.08358443927698811,27.4,2.2,0.000800249699148633,0.7152038134939461,0.11022044088176351
0.0837982606919238,34.2,4.0,0.0017004491979467303,0.7177760458130208,0.11122244488977955
0.08522224621469444,31.6,1.6,0.0004001999997996243,0.7132457247233305,0.11222444889779558
0.0844305381033175,32.2,2.6,0.0008003999995992205,0.7129056169307145,0.11322645290581161
0.08385713140831719,28.8,2.0,0.0005003000998997384,0.7164770391084405,0.11422845691382764
0.0844101399694372,29.6,3.2,0.0011006251496742403,0.7187491360679955,0.11523046092184368
0.0840871257739967,28.0,1.6,0.0003001499998497105,0.71744632458611,0.11623246492985971
0.08425767373129156,29.8,2.4,0.0007004501999497665,0.7159282212909306,0.11723446893787574
0.08389582710246969,29.8,2.2,0.0007003249495742316,0.7219893789616763,0.11823647294589178
0.08447329720040234,25.4,2.6,0.000900500099699363,0.7186415276574751,0.11923847695390781
0.08452689061623853,36.0,1.8,0.0005002750498246382,0.718421435969351,0.12024048096192384
0.08371946243206714,29.6,3.8,0.0014006248490733542,0.7223660119921933,0.12124248496993988
0.08493874915415997,29.0,2.6,0.0009005000996993627,0.7182077834176622,0.1222444889779559
0.08407466735132031,27.6,1.8,0.0005003000998997193,0.7259744262700222,0.12324649298597193
0.08572926415485774,24.0,2.4,0.0008003498994490394,0.7182549727565755,0.12424849699398796
0.082182703116186,28.2,1.8,0.0004002751500249307,0.7253113444680125,0.125250501002004
0.08405990885452265,27.6,2.8,0.0009005251497744185,0.7237084626609215,0.12625250501002003
0.08331040219744372,29.8,2.0,0.0005003251499748194,0.7239260830857879,0.12725450901803606
0.08260514228812578,27.4,2.2,0.0006004001999998334,0.7276963859033555,0.1282565130260521
0.08340944517015071,28.6,2.2,0.0010000741482223043,0.7278321202854146,0.12925851703406813
0.08304259766333054,29.8,2.2,0.0007003249495742316,0.7267996906977906,0.13026052104208416
0.08365571455180372,28.6,2.4,0.000800475149824555,0.7275454650316917,0.1312625250501002
0.0835659467132969,27.8,2.2,0.0006004252500749587,0.7293114483979994,0.13226452905811623
0.08238532312459554,28.0,2.0,0.0007002748494240314,0.7308729049170724,0.13326653306613226
0.08385894913916675,31.4,2.6,0.0008004751498245299,0.7307737940480626,0.1342685370741483
0.08224307111431475,30.8,2.2,0.0006004001999998334,0.7301543881593137,0.13527054108216433
0.0821625519221142,26.8,2.4,0.0008003749495241203,0.732243264604281,0.13627254509018036
0.08323458296775067,26.4,2.4,0.0007003750497244571,0.7325095425311752,0.1372745490981964
0.0822233825972369,29.0,2.4,0.0007004251498746412,0.7347447633113305,0.13827655310621242
0.0825382206316705,25.6,2.0,0.0006003500998496522,0.7377467239570141,0.13927855711422846
0.08306250728303913,26.2,2.0,0.00050037525012507,0.7328874752549341,0.1402805611222445
0.08242235709927112,27.4,2.6,0.0008003498994490586,0.7337351784801743,0.1412825651302605
0.08156746125942872,28.4,3.2,0.0013004746488230368,0.7355892241351766,0.14228456913827653
0.08184537518204843,28.4,2.2,0.0006003751499247081,0.7341101093810065,0.14328657314629256
0.08221493217686371,29.2,2.0,0.0005003502000499447,0.7367670664241182,0.1442885771543086
0.08162035940594912,25.6,2.4,0.0007004251498746412,0.7402258187113913,0.14529058116232463
0.0825815862675497,26.4,2.8,0.0011004748492236306,0.7363072724074362,0.14629258517034066
0.08143809523649527,26.8,2.6,0.0008004250496743458,0.7387830844084357,0.1472945891783567
0.08056153867886233,23.4,2.8,0.0009003998993989473,0.743720058948943,0.14829659318637273
0.08057546931539658,30.0,1.4,0.00030012494977461033,0.7420842167860771,0.14929859719438876
0.08135631176232004,24.6,1.4,0.000200150100050028,0.7418164973743183,0.1503006012024048
0.0801308376001052,27.2,1.8,0.00040022504987472445,0.7446866826704135,0.15130260521042083
0.080000379888779,22.0,2.6,0.0009004750496242374,0.7462460843392322,0.15230460921843686
0.08191722439384337,24.8,2.2,0.0006004001999998334,0.7428540934207359,0.1533066132264529
0.08070429053279281,28.0,1.6,0.0003001499998497105,0.7463249184733218,0.15430861723446893
0.07926056185955518,25.4,2.4,0.0007004752500248474,0.7510621346265894,0.15531062124248496
0.08119915384910771,27.0,2.6,0.0009004750496242598,0.7476399089451343,0.156312625250501
0.07934543990831282,21.6,2.0,0.0006003751499247332,0.7486826892368514,0.15731462925851702
0.07939395523412932,19.0,1.8,0.00040022504987472445,0.7505015032199533,0.15831663326653306
0.07939917939176173,27.8,2.2,0.0006003500998496272,0.7471594646322112,0.1593186372745491
0.08013442263767181,21.2,2.0,0.0005003000998997384,0.751743110881927,0.16032064128256512
0.07977168909979052,24.2,1.4,0.000200150100050028,0.7511872133900661,0.16132264529058116
0.07894307663499286,26.2,2.4,0.0007004501999497221,0.7535365109134281,0.1623246492985972
0.07914698782941065,26.4,2.8,0.0010004248492737357,0.7562202392590011,0.16332665330661322
0.07879768780578751,27.0,1.8,0.0004002500999498054,0.7563405676310484,0.16432865731462926
0.0790627106326988,25.2,2.6,0.00080047514982453,0.7570426283077295,0.1653306613226453
0.07875114460568934,24.2,1.6,0.0003001499998497105,0.7581723796761247,0.16633266533066132
0.07817426548886626,24.0,2.6,0.00080047514982453,0.7546637052106773,0.16733466933867733
0.0774457142326351,27.6,2.6,0.0008004751498245299,0.7593118522592033,0.16833667334669336
0.07963628227834751,24.8,1.8,0.000400300200100056,0.7554542237071515,0.1693386773547094
0.07817162790748688,22.6,2.0,0.00080029979929882,0.7634568417473518,0.17034068136272543
0.07807986370645077,20.6,1.6,0.000300225150075042,0.7632174631308273,0.17134268537074146
0.07751282201047843,21.6,2.4,0.0007004752500248474,0.7609684907430869,0.1723446893787575
0.0768602805601135,21.4,3.0,0.0010006001997994326,0.7628773514954499,0.17334669338677353
0.07723873344479912,25.2,1.4,0.000200150100050028,0.7665156598035057,0.17434869739478956
0.07703446287863346,22.2,2.8,0.0010005751497243324,0.7629039734861975,0.1753507014028056
0.07738273572902334,21.6,2.2,0.0006004001999998334,0.7661499714888395,0.17635270541082163
0.07754319720773972,18.0,2.6,0.0008005001998996552,0.7628396137272186,0.17735470941883766
0.07731179730646089,23.8,1.0,0.0,0.7669190520815373,0.1783567134268537
0.0761830407676886,20.0,2.6,0.0009004249494740533,0.7703344449086642,0.17935871743486972
0.07698765199223348,23.2,2.0,0.0006003751499247332,0.769706695180746,0.18036072144288576
0.07650690212833336,21.0,1.8,0.0004002500999498054,0.7731664510331262,0.1813627254509018
0.0747400626038558,22.0,2.2,0.000700349999649357,0.775575512042493,0.18236472945891782
0.0773069243618589,24.4,1.4,0.000200150100050028,0.7719104059361817,0.18336673346693386
0.07695318144710693,19.8,1.6,0.0003002000999999167,0.7727232459097688,0.1843687374749499
0.07430271741344852,20.2,1.6,0.0003002000999999167,0.7746329278554015,0.18537074148296592
0.07391528421254669,18.2,2.0,0.00050037525012507,0.7727950888438122,0.18637274549098196
0.07389806256941406,18.2,1.6,0.000300225150075042,0.776156592476531,0.187374749498998
0.07463081887982714,19.4,2.8,0.0009004750496242345,0.7792997606645627,0.18837675350701402
0.07306362332806783,21.8,2.8,0.0010005500996492513,0.7804666949346978,0.18937875751503006
0.07542664011796274,24.2,2.6,0.0008005001998996552,0.7769262028348669,0.1903807615230461
0.07379483829997407,20.6,2.0,0.0005003502000499447,0.7813898557676626,0.19138276553106212
0.0725825528301128,19.8,2.0,0.0005003502000499447,0.7825541928919186,0.19238476953907813
0.07460911041761706,21.0,2.2,0.0006003500998496272,0.7830086650407836,0.19338677354709416
0.07291221515242541,20.8,2.0,0.0006003751499247332,0.7849027613973768,0.1943887775551102
0.07452507038058691,20.6,1.6,0.0003002000999999167,0.7824676523891292,0.19539078156312623
0.07245037466456543,19.8,1.8,0.00040022504987472445,0.7868428341570903,0.19639278557114226
0.07241052402283225,19.6,2.0,0.0005003251499748195,0.7864065335358453,0.1973947895791583
0.07061965862223066,20.2,2.0,0.0007003249495742346,0.7916342747908417,0.19839679358717432
0.07148847919816363,21.8,2.4,0.0007004501999497221,0.7914148847615594,0.19939879759519036
0.07160041173504253,22.8,2.6,0.0008005001998996552,0.7938658460895432,0.2004008016032064
0.07046367295144075,19.4,3.4,0.001200675149624129,0.7961163993451509,0.20140280561122242
0.0707887018369638,18.4,2.4,0.0007003499996493318,0.7949669205557058,0.20240480961923846
0.06900212760537089,18.8,2.2,0.0006003751499247524,0.8016355043483984,0.2034068136272545
0.06665384079864464,20.8,2.2,0.0006004001999998334,0.8077174491057584,0.20440881763527052
0.06855310494282271,21.2,2.8,0.0009005251497744185,0.8018861236614816,0.20541082164328656
0.06644458024748999,22.8,2.4,0.0007003499996493318,0.8075234757008685,0.2064128256513026
0.06330073280037322,23.8,2.8,0.0011003245487730118,0.8160177400902192,0.20741482965931862
0.06601199299321577,22.0,2.8,0.001100524949373856,0.8114191324414621,0.20841683366733466
0.06174726864970896,23.0,3.4,0.0012005749493237388,0.8206213616915201,0.2094188376753507
0.06176821273326773,28.0,3.0,0.0011006000995991403,0.8267984806261426,0.21042084168336672
0.06014208438537241,22.0,3.0,0.001100524949373831,0.8332974270681595,0.21142284569138275
0.05282569451451169,28.6,4.0,0.0018004991978966662,0.8595639488055635,0.2124248496993988
0.04685671248226595,39.0,6.4,0.00310014719424132,0.8925562654077579,0.21342685370741482
0.046136110508157614,33.4,6.6,0.003100197294391479,0.890717941146546,0.21442885771543085
0.037836589643048694,53.2,7.0,0.00310027244461676,0.9455884406386298,0.2154308617234469
0.03030926240397874,66.6,7.0,0.0030003727451174645,0.9666894872543903,0.21643286573146292
0.0308544404893226,58.6,7.0,0.0032999215431647848,0.9623663139911418,0.21743486973947895
0.031449802848306084,66.4,7.0,0.0030003727451174645,0.973695473374433,0.21843687374749496
0.03131026529289956,61.4,7.0,0.0030003727451174645,0.9676858912018588,0.219438877755511
0.02818062143645266,71.2,7.0,0.0030003727451174645,0.9910347104265652,0.22044088176352702
0.03066160909490552,62.2,7.0,0.0030003727451174645,0.9918322641406038,0.22144288577154306
0.030270754462466715,58.4,7.0,0.0030003727451174645,0.9919577263905166,0.2224448897795591
0.02788826223800015,64.0,7.0,0.0030003727451174645,0.9930779339400961,0.22344689378757512
0.028789047072467353,61.2,7.0,0.0030003727451174645,0.9973350634544642,0.22444889779559116
0.029562737752929946,59.8,7.0,0.0030003727451174645,0.996734442305165,0.2254509018036072
0.02646304325593482,58.8,7.0,0.0030003727451174645,0.9983747358131378,0.22645290581162322
0.02811835264463116,56.4,7.0,0.0030003727451174645,0.9983304065846828,0.22745490981963926
0.02470296526695288,57.4,7.0,0.0030003727451174645,0.9987506215045044,0.2284569138276553
0.02728501778799835,52.4,7.0,0.0030003727451174645,0.9988718191395902,0.22945891783567132
0.028064482951514123,59.0,7.0,0.0030003727451174645,0.9992949593154965,0.23046092184368736
0.029160910472785094,48.4,7.0,0.0030003727451174645,0.999278992904378,0.2314629258517034
0.03228179178343331,49.0,7.0,0.0030003727451174645,0.9983333661499572,0.23246492985971942
0.02688045112185929,50.8,7.0,0.0030003727451174645,0.9990453409045855,0.23346693386773545
0.026981480674234545,52.2,7.0,0.0030003727451174645,0.999512369093339,0.2344689378757515
0.027780558596359077,53.0,7.0,0.0030003727451174645,0.9987206895790953,0.23547094188376752
0.029788715835643815,46.4,7.0,0.0030003727451174645,0.9986015176083243,0.23647294589178355
0.026865173252607503,46.4,7.0,0.0030003727451174645,0.9991820385699057,0.2374749498997996
0.030349609473309225,45.2,7.0,0.0030003727451174645,0.9989836869966304,0.23847695390781562
0.027606166565710025,44.2,7.0,0.0030003727451174645,0.9993460628472569,0.23947895791583165
0.02802613407459195,41.0,7.0,0.0030003727451174645,0.9995101909342571,0.24048096192384769
0.029915141790239363,41.2,7.0,0.003699044389735076,0.9996793831030064,0.24148296593186372
0.027613996029913084,38.4,7.0,0.00310027244461676,0.9990840073631171,0.24248496993987975
0.029916758224690285,39.6,7.0,0.003699069439810176,0.9994400733352993,0.24348697394789579
0.025918722785007765,35.8,7.0,0.0030003727451174645,0.9996211406392582,0.2444889779559118
0.03084778089070266,35.4,7.0,0.0033997961925889713,0.9995931828313911,0.24549098196392782
0.026736979079665605,38.0,6.6,0.04771773775777778,0.9993283306335259,0.24649298597194386
0.028099486233549645,39.4,7.0,0.04503607711815917,0.9993966678072541,0.2474949899799599
0.027632789017078403,38.4,7.0,0.0030003727451174645,0.9994751440521574,0.24849699398797592
0.02847320006721002,31.8,7.0,0.0030003727451174645,0.9989208467208265,0.24949899799599196
0.032966551715907094,29.4,6.2,0.08933781128475822,0.9991767157775667,0.250501002004008
0.0242490273685028,33.0,7.0,0.0030003727451174645,0.9991939734898034,0.251503006012024
0.027811924580298658,28.6,7.0,0.0032001470940409963,0.9991573213910208,0.25250501002004005
0.026089525021334534,34.0,7.0,0.0030003727451174645,0.9994471333105226,0.2535070140280561
0.02502780844173254,33.6,7.0,0.0030003727451174645,0.9990650621693646,0.2545090180360721
0.02270621499360156,30.4,7.0,0.0030003727451174645,0.9986021737010127,0.25551102204408815
0.02797731563565315,21.8,7.0,0.0030003727451174645,0.9992232510129224,0.2565130260521042
0.028922115711435502,30.8,7.0,0.0030003727451174645,0.9990189123466351,0.2575150300601202
0.022115298129796908,28.4,7.0,0.00310027244461676,0.9984076593026044,0.25851703406813625
0.029795986685318895,23.2,6.0,0.0025003732461189856,0.9980966345902509,0.2595190380761523
0.02208679873484673,28.2,7.0,0.0030003727451174645,0.9986978579367088,0.2605210420841683
0.021856508900093025,28.6,7.0,0.00310027244461676,0.9984389552035584,0.26152304609218435
0.020462625327115673,22.6,7.0,0.00310027244461676,0.9984294484514453,0.2625250501002004
0.02199402699447968,25.2,7.0,0.0030003727451174645,0.9981766583049584,0.2635270541082164
0.022677546834421868,26.8,7.0,0.0030003727451174645,0.9990074189326466,0.26452905811623245
0.02964648553052994,17.6,6.4,0.056671586501416335,0.9991925128897805,0.2655310621242485
0.017884781841419287,22.0,7.0,0.00310027244461676,0.9975246928083112,0.2665330661322645
0.019466427651627954,18.8,7.0,0.0030003727451174645,0.9980612311039982,0.26753507014028055
0.01869589771746595,20.2,7.0,0.003499470441412375,0.9977618321790388,0.2685370741482966
0.018493411144067586,18.2,7.0,0.0032999215431647848,0.9983523476400705,0.2695390781563126
0.013214259469571499,23.0,7.0,0.00310027244461676,0.9975347572957546,0.27054108216432865
0.0099561923135931,19.2,6.4,0.00310014719424132,0.9961166346251813,0.2715430861723447
0.017061923632192614,20.8,7.0,0.0030003727451174645,0.9970830813416324,0.2725450901803607
0.018802622687189914,17.2,6.2,0.06495156317478634,0.997761543972741,0.27354709418837675
0.011782491046034101,20.0,7.0,0.0030003727451174645,0.9974357583518817,0.2745490981963928
0.009766007094630578,21.4,7.0,0.0032999966933900853,0.9975510722018155,0.2755511022044088
0.012603456453802456,17.2,6.8,0.003499670842013166,0.9970594573610265,0.27655310621242485
0.011314362555475277,15.8,6.8,0.0038988938888838815,0.9975213311810143,0.2775551102204409
0.008110456748003743,19.4,7.0,0.0043981418856294235,0.9973857390125394,0.2785571142284569
0.006611430632350089,18.2,6.6,0.0030002474947419767,0.9973514885473437,0.27955911823647295
0.009736416594776651,18.2,6.6,0.003998593187782415,0.9978039968080775,0.280561122244489
0.006281068695042926,18.6,7.0,0.003799144489835187,0.9971556118505337,0.281563126252505
0.0067979194921567385,14.0,7.0,0.0032001470940409963,0.9979619968889413,0.282565130260521
0.006804828984918148,13.4,6.8,0.0029004229454679883,0.9971638686552984,0.283567134268537
0.007107664755759055,14.8,7.0,0.00359937014091167,0.9973660446448488,0.28456913827655306
0.0052814131045376324,13.8,6.2,0.0031999216433650536,0.9977374848600717,0.2855711422845691
0.006537570237436067,16.4,7.0,0.0032001470940409963,0.9974108173896903,0.2865731462925851
0.0045979341378354875,15.4,7.0,0.0033000467935402913,0.9980155475380428,0.28757515030060116
0.006392420092189186,17.4,6.6,0.002900397895392888,0.9978853177927356,0.2885771543086172
0.0038204518819508395,12.0,5.4,0.004293607922236615,0.9973819332525082,0.2895791583166332
0.004318491079595765,13.2,6.6,0.003100097094091114,0.997982204484188,0.29058116232464926
0.005297262566075194,15.2,6.2,0.0030998465933400883,0.9979677452787904,0.2915831663326653
0.003746078698427955,14.2,6.0,0.0028999720441161662,0.9980754751911085,0.2925851703406813
0.0031174002570630876,14.0,5.8,0.0029995961927894665,0.99868416569524,0.29358717434869736
0.00413420366905236,12.6,7.0,0.0035995705415125027,0.998162085362547,0.2945891783567134
0.003874769099360317,12.4,6.8,0.0029004229454679883,0.9983600812518472,0.2955911823647294
0.0038466579343475913,14.8,6.4,0.0030001973945917764,0.998527400462657,0.29659318637274545
0.003418491937063722,11.4,6.4,0.004495235976717455,0.9987184441176854,0.2975951903807615
0.0037142302890853115,11.6,6.6,0.00439799158517881,0.9990560314377583,0.2985971943887775
0.002947797514215214,14.8,6.4,0.004297866435003642,0.9992988853771869,0.29959919839679355
0.0035992783672527716,12.2,7.0,0.0038991443896348814,0.9989476862984148,0.3006012024048096
0.0037599289719122703,11.2,7.0,0.0037989691393094708,0.9991459353848837,0.3016032064128256
0.003174176042729699,11.2,6.4,0.0038990441893345306,0.998995612949059,0.30260521042084165
0.003635794210270028,11.6,6.6,0.0033996208420632836,0.9989558114319598,0.3036072144288577
0.0022840769439787345,9.8,5.8,0.003998668338007716,0.9989910678384095,0.3046092184368737
0.0030882526091233296,10.6,6.2,0.0034997209421633395,0.9989774185459472,0.30561122244488975
0.0030138089601544626,10.2,6.6,0.0032000969938907964,0.9990923582093242,0.3066132264529058
0.003179629676250982,12.4,5.4,0.004695736777818889,0.9992844424831949,0.3076152304609218
0.0027332712322693554,9.8,6.4,0.003299746192639103,0.9993410512088214,0.30861723446893785
0.003031525297197887,12.2,6.4,0.003399821242664127,0.9993473760105692,0.3096192384769539
0.0029451753638926733,9.0,6.2,0.003199696192689269,0.9994605292631172,0.3106212424849699
0.0031228752277110616,11.8,6.6,0.003200096993890755,0.9994350628315741,0.31162324649298595
0.002524156725057229,9.6,6.4,0.00339977114251394,0.9994219950516738,0.312625250501002
0.0024331510991676634,9.0,6.2,0.0038990191392594417,0.9996081223830704,0.313627254509018
0.001582021635284197,5.8,4.2,0.0024997970943917446,0.9993412304997953,0.31462925851703405
0.00330831220280274,12.4,6.6,0.004497766034302618,0.9994594264096808,0.3156312625250501
0.0027610144280779316,9.2,6.2,0.0035994703412120695,0.999564691486594,0.3166332665330661
0.0020843322475931295,8.8,5.0,0.002899746593440354,0.9995826425068616,0.31763527054108215
0.00185582128023627,6.6,5.2,0.0025002229456684705,0.9994830134468362,0.3186372745490982
0.0020568541983735523,9.2,4.4,0.0020005490976462374,0.9996066704779782,0.3196392785571142
0.0022938597571667925,10.6,5.4,0.003399194990786665,0.999642913345809,0.32064128256513025
0.0026258009608281113,9.6,6.4,0.003698643588533488,0.9996331707388484,0.3216432865731463
0.002090733614295175,7.8,5.6,0.003099621142664187,0.9995788360345479,0.3226452905811623
0.001974630933791576,8.8,5.6,0.0033996458921384046,0.9996973346812356,0.32364729458917835
0.001938920469532209,6.8,6.0,0.0034990946902859325,0.9996815787466218,0.3246492985971944
0.0019114849545576297,8.4,4.2,0.002500022545067597,0.999682897405427,0.3256513026052104
0.0020156158700608603,8.8,5.2,0.002599972344717147,0.9995628408426176,0.32665330661322645
0.0019213074787191194,8.2,5.0,0.0021006241476712456,0.9996620724983589,0.3276553106212425
0.0014441320240456998,8.4,3.4,0.0014006498991484412,0.999728625662239,0.3286573146292585
0.0017882725957344852,7.6,5.4,0.0027003229455682034,0.9997861519150621,0.32965931863727455
0.0017789078392704961,9.6,4.0,0.0019004239474710294,0.9998010000143036,0.3306613226452906
0.0016662123912325097,5.6,4.6,0.002400197995793647,0.9998453989353198,0.3316633266533066
0.001138739624978325,5.8,3.4,0.001500524548572658,0.9997439024036769,0.33266533066132264
0.0013490008644646814,6.0,3.8,0.0017000984968953369,0.9997542100206502,0.3336673346693386
0.0014545979554225661,6.2,4.2,0.0019003988973959364,0.9998418188802052,0.33466933867735466
0.0013830265289540102,4.8,4.4,0.002400047695343075,0.999765145138614,0.3356713426853707
0.0014221430348266525,5.6,4.4,0.002200047895743571,0.9998732165694925,0.3366733466933867
0.0016228878385271643,7.0,4.2,0.0024001729457185524,0.9998258494093584,0.33767535070140275
0.0011563321446403283,4.8,3.4,0.001600549498447466,0.9998440766234233,0.3386773547094188
0.0013063047909448657,6.8,3.2,0.0013005497990483462,0.9997881952355753,0.3396793587174348
0.0010897976394871065,4.4,3.6,0.00180019859699546,0.9998249998474519,0.34068136272545085
0.0012815240166565082,6.6,3.2,0.0015001988975962956,0.9998350273088308,0.3416833667334669
0.00115515045075372,4.2,3.8,0.0017006245484724551,0.9998718865900006,0.3426853707414829
0.001300562943266612,8.2,2.8,0.0011005499994489367,0.9999009313381894,0.34368737474949895
0.0010696986555277835,5.4,3.0,0.0014999984969955582,0.9998304879058718,0.344689378757515
0.0010089634363775113,4.6,2.8,0.001100299498697906,0.9998574909612081,0.345691382765531
0.000881164037843768,4.8,2.6,0.0008004500997494491,0.9999065799079231,0.34669338677354705
0.001133529652365316,4.2,3.6,0.0015005746487228588,0.999900288744789,0.3476953907815631
0.0008362605809348017,3.6,2.6,0.0012001741481221188,0.9998990457357781,0.3486973947895791
0.0009563682972907748,5.2,2.6,0.0010004999994990484,0.9999259531088576,0.34969939879759515
0.0010020519990956624,5.8,2.2,0.0008003749495241455,0.9998931601363467,0.3507014028056112
0.0010266620189182509,5.2,2.8,0.0009005000996993378,0.9998875786886172,0.3517034068136272
0.0010754561118992924,6.4,2.0,0.0009002245488732465,0.9999038033458693,0.35270541082164325
0.0008418358223025067,4.6,2.2,0.000700400099799541,0.9999435631278774,0.3537074148296593
0.0007626343101154518,3.8,2.6,0.0011001992983975216,0.9999393172823439,0.3547094188376753
0.000938069331938912,4.6,2.8,0.0009004750496242345,0.9999309813878797,0.35571142284569135
0.0007908484002644894,3.0,2.8,0.0010004248492737583,0.999915877513784,0.3567134268537074
0.0008372346348651415,3.8,2.0,0.0008003999995992295,0.9999340956447975,0.3577154308617234
0.0005133711593980727,2.8,1.6,0.00040025009994983064,0.9999312256842154,0.35871743486973945
0.0005822156376179071,3.6,1.6,0.00040025009994983053,0.9999453900741775,0.3597194388777555
0.0007929075718137665,4.4,2.0,0.000600325049774527,0.9999331746807592,0.3607214428857715
0.0007416883928728377,3.4,2.0,0.0008003498994490455,0.9999392385751374,0.36172344689378755
0.000594235787855236,3.2,2.0,0.0005003251499748195,0.9999545094248614,0.3627254509018036
0.00043488366407057317,2.6,1.4,0.0003001750499248165,0.9999318051640114,0.3637274549098196
0.0008274869701832886,4.4,2.2,0.0006004001999998334,0.9999655750922525,0.36472945891783565
0.0007621922547991194,3.0,2.6,0.001000449899348842,0.9999525529217456,0.3657314629258517
0.00062645370203693,2.2,2.4,0.0008004250496743487,0.9999268728115631,0.3667334669338677
0.0007141661392703461,3.2,2.4,0.0007004251498746412,0.9999731005672146,0.36773547094188375
0.0006978461449097877,2.8,2.4,0.0008003498994490394,0.9999472354625363,0.3687374749498998
0.0006471825573724692,3.4,1.8,0.0007002748494240343,0.9999734890845777,0.3697394789579158
0.0003884370578741669,1.8,1.6,0.000300225150075042,0.9999301135961682,0.37074148296593185
0.00024554466389236994,2.0,1.0,0.0,0.9999752964431391,0.3717434869739479
0.0004242833640962373,1.6,1.8,0.0005002750498246382,0.9999429630769832,0.3727454909819639
0.0004390773483636226,2.4,1.6,0.000300225150075042,0.9999556876753003,0.37374749498997994
0.0004628437972674259,2.8,1.4,0.0003001750499248165,0.9999580090267474,0.374749498997996
0.00048140630765323744,2.6,1.6,0.00040025009994983053,0.9999712079534347,0.375751503006012
0.0005028435104395528,2.4,1.8,0.0005003000998997193,0.9999728122910412,0.37675350701402804
0.0005809310481584712,3.0,1.8,0.0005001998995993291,0.9999597508558766,0.3777555110220441
0.00020254529485120294,0.8,1.4,0.0002001250499749027,0.9999689335812372,0.3787575150300601
0.0006690932778086013,3.0,2.0,0.0008001244487731204,0.9999721169139297,0.37975951903807614
0.0002959885049435845,1.4,1.4,0.000200150100050028,0.9999705868865465,0.3807615230460922
0.0004198893669398821,2.6,1.4,0.0002001250499749027,0.9999797190046728,0.3817635270541082
0.00028505151915029754,1.6,1.4,0.000200150100050028,0.9999785668693566,0.38276553106212424
0.00030157497534335527,0.8,1.4,0.000200150100050028,0.9999707905671451,0.3837675350701403
0.00044282366257416726,2.0,1.6,0.0003002000999999167,0.9999584182664762,0.38476953907815625
0.0002871612145619791,1.0,1.6,0.0003002000999999167,0.9999651622279144,0.3857715430861723
0.00032772864473452863,1.8,1.2,0.000100075050025014,0.999985986741466,0.3867735470941883
0.0001295338641699366,0.8,1.0,0.0,0.9999775445748034,0.38777555110220435
0.0002341488008379505,0.8,1.4,0.0002001250499749027,0.9999837436744212,0.3887775551102204
0.00013654028572837511,1.0,1.0,0.0,0.9999848309609197,0.3897795591182364
0.0002631486643106685,0.8,1.6,0.000300225150075042,0.9999819472331914,0.39078156312625245
0.00015677434313747738,1.0,1.0,0.0,0.9999828941613949,0.3917835671342685
0.00022804623558304797,1.2,1.4,0.000200150100050028,0.9999785420119387,0.3927855711422845
0.00014893933887503714,0.6,1.2,0.000100075050025014,0.999983688123739,0.39378757515030055
0.00019387775609394818,1.2,1.2,0.000100075050025014,0.9999815399721494,0.3947895791583166
0.0002524080304637363,1.6,1.0,0.0,0.9999898934842895,0.3957915831663326
0.00019289891152568964,0.6,1.2,0.000100075050025014,0.9999816504058696,0.39679358717434865
0.00019858803539622138,0.8,1.2,0.000100075050025014,0.9999824977648496,0.3977955911823647
0.00028100565202240354,1.2,1.2,0.000100075050025014,0.9999909069562989,0.3987975951903807
0.00023393018551188112,0.6,1.6,0.0003002000999999167,0.9999915079803557,0.39979959919839675
0.00030342131269122074,1.6,1.2,0.000100075050025014,0.9999782021197815,0.4008016032064128
0.00022050234323249654,1.4,1.0,0.0,0.9999832462290243,0.4018036072144288
9.60277484116004e-05,0.2,1.2,0.000100075050025014,0.9999943123042195,0.40280561122244485
0.0001784415823506375,1.0,1.2,0.000100075050025014,0.9999846688815914,0.4038076152304609
0.00029678117339398084,1.6,1.4,0.000200150100050028,0.9999934898135429,0.4048096192384769
0.00028187301124814193,2.0,1.0,0.0,0.9999906559127686,0.40581162324649295
0.00015796402619507526,1.0,1.0,0.0,0.9999914054215049,0.406813627254509
0.00019715607478213443,1.0,1.2,0.000100075050025014,0.9999866682399832,0.407815631262525
0.00016761306154306147,1.0,1.0,0.0,0.9999909853464597,0.40881763527054105
0.00024326494181623143,0.8,1.6,0.0003002000999999167,0.999990672097152,0.4098196392785571
0.00020885941486288768,1.2,1.2,0.000100075050025014,0.9999928444449541,0.4108216432865731
0.00010566708434672142,0.8,1.0,0.0,0.9999926799602731,0.41182364729458915
0.00015294594673135423,1.2,1.0,0.0,0.9999925453583725,0.4128256513026052
0.00010748302287141077,0.6,1.0,0.0,0.9999933789514739,0.4138276553106212
0.00014317598296092115,0.6,1.2,0.000100075050025014,0.9999934828263894,0.41482965931863724
6.69770019848312e-05,0.0,1.2,0.000100075050025014,0.9999895606290611,0.4158316633266533
9.103485290698717e-05,0.6,1.0,0.0,0.9999943475582512,0.4168336673346693
4.4561044275379935e-05,0.2,1.0,0.0,0.9999945702415245,0.41783567134268534
9.005405024153084e-05,0.0,1.0,0.0,0.9999954999320616,0.4188376753507014
8.834736944501124e-05,0.4,1.0,0.0,0.9999935979508313,0.4198396793587174
0.00011883982157086108,0.8,1.0,0.0,0.9999947543037632,0.42084168336673344
7.221060004496118e-05,0.4,1.0,0.0,0.999989632361672,0.4218436873747495
7.371941654393462e-05,0.2,1.0,0.0,0.999994116801124,0.4228456913827655
2.6794599232028616e-05,0.0,1.0,0.0,0.9999958091174879,0.42384769539078154
6.327991191731757e-05,0.4,1.0,0.0,0.9999953407114288,0.4248496993987976
8.447560288027427e-05,0.6,1.0,0.0,0.9999958334501701,0.4258517034068136
5.903777150697739e-05,0.2,1.0,0.0,0.9999949664984218,0.42685370741482964
0.00011524986438523873,0.6,1.0,0.0,0.9999962979906079,0.4278557114228457
4.9070379454428846e-05,0.4,1.0,0.0,0.9999935521520988,0.4288577154308617
8.816886859052145e-05,0.4,1.0,0.0,0.9999964609305172,0.42985971943887774
9.309748421653154e-05,0.0,1.0,0.0,0.9999960680467035,0.4308617234468938
5.609903186551368e-05,0.2,1.0,0.0,0.9999928940775422,0.4318637274549098
0.00011930865229599976,0.2,1.0,0.0,0.9999960980757894,0.43286573146292584
9.543344632581813e-05,0.2,1.0,0.0,0.9999950595921921,0.4338677354709419
9.571312854852916e-05,0.2,1.0,0.0,0.9999946668084219,0.4348697394789579
6.880600723238077e-05,0.0,1.0,0.0,0.9999965020029407,0.43587174348697394
5.001908717286457e-05,0.0,1.0,0.0,0.9999963529769659,0.4368737474949899
7.780858398844531e-05,0.4,1.0,0.0,0.9999966476942937,0.43787575150300595
2.3104100033499592e-05,0.0,1.0,0.0,0.9999963169379079,0.438877755511022
6.48574852334609e-05,0.4,1.0,0.0,0.9999966799353501,0.439879759519038
3.071105881814359e-05,0.2,1.0,0.0,0.9999968339292874,0.44088176352705405
7.773574799635244e-05,0.2,1.0,0.0,0.9999969056654671,0.4418837675350701
2.972302079568341e-05,0.0,1.0,0.0,0.9999953828338934,0.4428857715430861
2.5150635577586832e-05,0.0,1.0,0.0,0.9999958371970301,0.44388777555110215
7.018995383984034e-05,0.4,1.0,0.0,0.9999968565286066,0.4448897795591182
4.119654280217673e-05,0.2,1.0,0.0,0.9999967841561495,0.4458917835671342
3.2994106300275565e-05,0.2,1.0,0.0,0.9999969992442626,0.44689378757515025
1.7558171478121657e-05,0.0,1.0,0.0,0.999996674413769,0.4478957915831663
6.537592491436824e-05,0.0,1.0,0.0,0.9999975330230129,0.4488977955911823
3.9755976774694434e-05,0.2,1.0,0.0,0.9999969382591001,0.44989979959919835
8.109794508488132e-06,0.0,1.0,0.0,0.9999958842875378,0.4509018036072144
4.600129218503931e-05,0.0,1.0,0.0,0.9999968663809315,0.4519038076152304
4.743624183007465e-06,0.0,1.0,0.0,0.9999960505460734,0.45290581162324645
1.5226321545381393e-05,0.0,1.0,0.0,0.9999968938114563,0.4539078156312625
9.051415721016618e-05,0.4,1.0,0.0,0.9999975026665797,0.4549098196392785
6.225945142700899e-05,0.4,1.0,0.0,0.9999970660225923,0.45591182364729455
6.641997864495254e-05,0.0,1.2,0.000100075050025014,0.9999975503110953,0.4569138276553106
4.595570699065507e-06,0.0,1.0,0.0,0.9999972960482898,0.4579158316633266
1.9151822551420277e-05,0.0,1.0,0.0,0.9999971329308576,0.45891783567134264
3.142765612216879e-05,0.0,1.0,0.0,0.9999976826585701,0.4599198396793587
3.6636687804609525e-05,0.2,1.0,0.0,0.9999976874425714,0.4609218436873747
4.711687532873411e-05,0.0,1.0,0.0,0.9999971201736402,0.46192384769539074
2.0027949800888973e-05,0.0,1.0,0.0,0.9999976676942257,0.4629258517034068
4.513370384936285e-05,0.0,1.0,0.0,0.9999972429751468,0.4639278557114228
5.1982114883841635e-05,0.2,1.0,0.0,0.9999975191627799,0.46492985971943884
2.208389249543492e-05,0.0,1.0,0.0,0.9999966830202822,0.4659318637274549
3.3408286727133216e-05,0.0,1.0,0.0,0.9999974942139118,0.4669338677354709
5.143947043279795e-05,0.0,1.0,0.0,0.9999981891924907,0.46793587174348694
6.411258900212529e-06,0.0,1.0,0.0,0.9999978742227956,0.468937875751503
6.758278294661182e-05,0.2,1.0,0.0,0.9999979270349042,0.469939879759519
1.234841100790175e-05,0.0,1.0,0.0,0.999997551974344,0.47094188376753504
9.692530578706411e-05,0.2,1.0,0.0,0.9999976943310094,0.4719438877755511
2.0345277895345508e-05,0.0,1.0,0.0,0.999997963215913,0.4729458917835671
3.583836764034189e-05,0.0,1.0,0.0,0.9999978403168237,0.47394789579158314
1.4634765310360573e-05,0.0,1.0,0.0,0.9999977652316264,0.4749498997995992
4.766215297954164e-05,0.0,1.0,0.0,0.9999979153498172,0.4759519038076152
3.4378484161760124e-05,0.0,1.0,0.0,0.9999978468496863,0.47695390781563124
6.185253617200983e-05,0.2,1.0,0.0,0.9999980057578318,0.4779559118236473
2.720581240135806e-05,0.0,1.0,0.0,0.9999977782509817,0.4789579158316633
3.9724095926472984e-05,0.0,1.0,0.0,0.9999976903607065,0.47995991983967934
5.1842703058348446e-05,0.0,1.0,0.0,0.9999980710101344,0.48096192384769537
2.423622115601912e-05,0.0,1.0,0.0,0.9999975617161614,0.4819639278557114
4.8730897450622304e-05,0.0,1.0,0.0,0.9999979501088261,0.48296593186372744
2.8705168016730852e-05,0.0,1.0,0.0,0.9999981197987605,0.48396793587174347
1.4123096741826174e-05,0.0,1.0,0.0,0.9999981247626801,0.4849699398797595
2.8207296619054967e-05,0.0,1.0,0.0,0.9999978976331517,0.48597194388777554
7.779854243839512e-05,0.0,1.0,0.0,0.9999983472392625,0.48697394789579157
6.540970842020654e-05,0.0,1.0,0.0,0.999997901867735,0.48797595190380755
2.1355322343934756e-05,0.0,1.0,0.0,0.9999982625876687,0.4889779559118236
4.730735939431078e-05,0.0,1.0,0.0,0.9999983839534157,0.4899799599198396
1.8938088428588552e-05,0.0,1.0,0.0,0.9999983743257935,0.49098196392785565
1.8217235097909007e-05,0.0,1.0,0.0,0.9999983186174131,0.4919839679358717
1.923738356493062e-05,0.0,1.0,0.0,0.9999982005261611,0.4929859719438877
6.192548259892666e-06,0.0,1.0,0.0,0.9999982867144601,0.49398797595190375
1.629002535661103e-05,0.0,1.0,0.0,0.9999983837242906,0.4949899799599198
2.62394117069468e-05,0.0,1.0,0.0,0.999998271413641,0.4959919839679358
5.053229206656069e-05,0.0,1.0,0.0,0.9999981692747701,0.49699398797595185
3.326998345943007e-05,0.0,1.0,0.0,0.9999984047801236,0.4979959919839679
4.817638742267526e-05,0.0,1.0,0.0,0.9999983415714675,0.4989979959919839
2.79435051356926e-05,0.0,1.0,0.0,0.999998403678846,0.5
