epsilon \ mu,0.0,0.01,0.02,0.03,0.04,0.05,0.06,0.07,0.08,0.09,0.1,0.11,0.12,0.13,0.14,0.15,0.16,0.17,0.18,0.19,0.2,0.21,0.22,0.23,0.24,0.25,0.26,0.27,0.28,0.29,0.3,0.31,0.32,0.33,0.34,0.35000000000000003,0.36,0.37,0.38,0.39,0.4,0.41000000000000003,0.42,0.43,0.44,0.45,0.46,0.47000000000000003,0.48,0.49,0.5
0.0,0.5215488073158243,0.5206443555667779,0.5194986027068109,0.5194014585155726,0.521838743147552,0.5186381639397154,0.5218900832764695,0.5203310668025382,0.520870839558277,0.5197436300164027,0.5189160381602822,0.5198833154976799,0.5217295310826341,0.5215519385752116,0.5195300217635052,0.522680012344677,0.5183119994368741,0.520102835568301,0.5213350738125512,0.5233110613115618,0.5211273398022647,0.5214105058511965,0.5207736891045199,0.5199677843509174,0.5227105295986676,0.5197794390987582,0.5204701260319379,0.5188095377659941,0.5202862083805526,0.5210435911386863,0.5213841406471535,0.517997721194668,0.521060575089604,0.5206613457802145,0.5222048625201777,0.5218545184323461,0.5208773087401715,0.517993882270659,0.5213372656941225,0.5211683154626097,0.5196859396934472,0.5192467868268669,0.5217051824096367,0.5204323192060928,0.5217059339118898,0.5200670703235768,0.5200089228367506,0.5225813964615266,0.5226208127546966,0.5198177406635864,0.5210735322409497
0.01,0.5630468243518792,0.522162321230139,0.5213789740691641,0.5199481576170765,0.5228233989745502,0.522956295885475,0.52143671449227,0.5207955828701574,0.5189565754443131,0.5206163433202973,0.5236274562851138,0.5193024606187768,0.5220314533752972,0.5217539736934131,0.5227105859613367,0.5183952220488758,0.5209633620106593,0.5204563234405575,0.5212393449505561,0.5203019774028281,0.5200428782135489,0.5207642201761321,0.5196296897498098,0.51979798867937,0.5218367641916191,0.5214093598102607,0.5206723740757775,0.5187970252534816,0.5205442679917155,0.5192780868957044,0.52149397270143,0.522394679464249,0.5203152915177439,0.521483007031055,0.5206235765294824,0.518314203843483,0.5185683493804114,0.5212844601358114,0.5198720492264035,0.5217266064863662,0.5190167457247036,0.5220444982019056,0.5211383242601961,0.5214721916611305,0.5220801131461793,0.5207252923594266,0.5205891639888136,0.5184112165218272,0.521172818213609,0.5204301335870405,0.5175379020161301
0.02,0.6717594095597099,0.524201259567876,0.5208105189774358,0.5200966732498264,0.5203244034825616,0.5204117029942855,0.5216993770547325,0.5198999236974713,0.5196639018898778,0.5216917994070147,0.5200809856402948,0.5217115200786371,0.5192287445102759,0.5217616390163938,0.5199773033794555,0.5195463356249143,0.520523820867915,0.5219538545051557,0.5208993277561845,0.5206386566746927,0.5221369016664311,0.5206791689086485,0.5208437604270937,0.5184389657425192,0.5211949937925914,0.521409378597817,0.5219468216965714,0.5217050258466674,0.5215375911446982,0.520141919947976,0.5229041979917856,0.5211491709427144,0.5182864984604223,0.522122654436218,0.5225563150738326,0.5197139582024466,0.5216836643951257,0.5222864944524105,0.5209586463340216,0.5204352751149548,0.5215492644796949,0.5192333224115006,0.5203040941341742,0.5217539173307442,0.5211129610591573,0.520398075753431,0.5231366439011584,0.5196224440155871,0.5224934957480002,0.5213012624736849,0.5215467469471473
0.03,0.7364319837855875,0.63327966980995,0.5248658067476886,0.5216691040389738,0.5222631102073043,0.5237966632798965,0.5220590272454635,0.5203987458429399,0.5222417550182815,0.523276316857398,0.5207949879308738,0.520043322852382,0.521532587392197,0.5217846224602981,0.5211774149023898,0.5204642580518456,0.5207319995170345,0.5196443315187059,0.5209950566181797,0.5210624413201991,0.5231806506205905,0.5204251360970581,0.521825378932486,0.5218381983084186,0.5210804084865646,0.5181443518092668,0.5182212492773053,0.521965289864439,0.5216730369007647,0.5211366271176081,0.5208364645927209,0.5193084162741319,0.5200263702140578,0.5212089529469409,0.5200864903942982,0.52037466645825,0.521840665740816,0.5203643270397523,0.5204660929698466,0.5222261049838627,0.5205707647086526,0.5209653284415545,0.5206286491696902,0.5212338401965528,0.5203268020272526,0.5199993161329498,0.5211848860872884,0.5195101883665447,0.5210125603581558,0.5216858938518096,0.5211586461336211
0.04,0.7293159713767822,0.7341549006463921,0.6054934251067886,0.5252305295786277,0.5220693416138861,0.5195829525721916,0.5224529021013004,0.519555779503227,0.5206090725359995,0.5185175353030709,0.5222495518541563,0.522842080068056,0.5217242643043443,0.5210473924875827,0.5208317176034895,0.5212975926376826,0.5205154666678691,0.5198249175101026,0.5206247100453807,0.5215414551187824,0.5194206593981368,0.5206882746109472,0.5216424507590675,0.5193690812935057,0.5190591116642167,0.5207010188366544,0.5235444465987509,0.5194638770402034,0.5224537663288913,0.5218500219438658,0.5211403470537604,0.520152134116098,0.5203194623552481,0.5208189859028196,0.5206851997142287,0.5218763495727959,0.5211310472133794,0.5201426401376351,0.5213078882185489,0.5224765117970822,0.5194745671597523,0.5205838283228174,0.5202350310771231,0.5203869222074927,0.5219937780623466,0.5214464777590402,0.5193365224583942,0.5211127669210752,0.5211048886724561,0.5220048314079846,0.5219839772204635
0.05,0.7205938796654513,0.7440026049573096,0.7334919065712359,0.6246544091639186,0.5292069346623901,0.5237349774699623,0.5212650275400523,0.5219991450409369,0.5240988172857542,0.520632776169563,0.5227655019884749,0.5200346367388409,0.5197609771934096,0.5232758095933772,0.5214524772520268,0.5193537130724317,0.521669880591302,0.5218534475416357,0.5214348983618253,0.5217797502206911,0.52055794533272,0.5217859438517597,0.5219130917704492,0.5191703840978115,0.5220610124639153,0.5212198121544966,0.5218698553408263,0.5227986996005014,0.5209114519925331,0.5227514488963438,0.5204457022087152,0.5198196569943315,0.5204955956957958,0.5201863399936473,0.5222114068522977,0.5210835585335085,0.5196297523749976,0.52022988328669,0.5225923057692328,0.522281440599759,0.5224743073904736,0.5214067045023,0.5216820424027631,0.5202213161610058,0.5223127594561527,0.5209744090937785,0.5243228526324122,0.5208058471384296,0.520612980347715,0.5197274100927753,0.5205018707396084
0.06,0.7136640769899028,0.733036183079977,0.747296332869406,0.7521489582675768,0.6582359636914189,0.5354095399203007,0.5258076457338218,0.5235610798486172,0.5211873785697609,0.521379869609349,0.5221041048556063,0.5218516752488225,0.5225906963019075,0.5234734108482856,0.5214088274961648,0.5221931140349558,0.5210639818998177,0.521934390596803,0.5234909083257431,0.5221807205103001,0.5193464172380589,0.5196401919937955,0.5219592590588585,0.5204463848232617,0.5232484361238116,0.5221984998011024,0.5223686649612574,0.521863016670324,0.5226063087612136,0.5198607391174959,0.5216217656595534,0.5224916858800743,0.5220372462051641,0.520599396944492,0.5210845981116251,0.522238341945549,0.5211079698316936,0.5222338266695122,0.5197966297127958,0.521793170798426,0.5186260083907731,0.5226466769572375,0.5215413862310759,0.5224810082855629,0.5209001418836253,0.5208072436801164,0.5212788238689139,0.5198246482217954,0.5224847720593467,0.5185438003068134,0.5227662910658406
0.07,0.6837900337775212,0.711002663073484,0.7270574566057548,0.7321524915806698,0.7360749951653356,0.701338250162074,0.5644355566777988,0.5325012888263638,0.5266410304198091,0.5229792292292292,0.5243647363579795,0.5221595030966902,0.523781589397205,0.5210860071783494,0.5241563573082592,0.5228001086672256,0.5193789384980576,0.5205810039268497,0.521531892252613,0.5226185018852687,0.5237167973779584,0.5241266854943032,0.5213284981678374,0.5215363636910183,0.5231408836263691,0.5239828103879655,0.5227362497632768,0.5213969788106425,0.5190024233442652,0.5228092957822688,0.5208989645300954,0.521151099798497,0.5219161917172427,0.5231437769100431,0.5207943366289212,0.5209741084928773,0.52060671782894,0.5227244323903483,0.5225053444335226,0.5191954153853553,0.5203377864851838,0.5221641811982152,0.5222583945306668,0.5203882122863603,0.5199689617044472,0.5216542055068081,0.5204644271398525,0.5214879794709624,0.5210824625927228,0.5203027977927877,0.5211136436737037
0.08,0.670941599757916,0.6938227266305343,0.7045710124538953,0.7280759801342883,0.7328431284136989,0.7201718861003146,0.7025184468753037,0.6474443224505786,0.5575576702828954,0.5372782943103261,0.5250744801357914,0.5260189431172912,0.5244791463134806,0.5245827033239445,0.5236160772884996,0.5223599725851977,0.5225987749511273,0.5200421642864086,0.5215503666829993,0.5205911679948215,0.5225736810383956,0.5232554877199521,0.5217185967248529,0.522034021007995,0.5241070650229809,0.5211424763101439,0.5214521954386819,0.5244292340388437,0.5230140112585057,0.5208705953200446,0.5196889582274966,0.521117031696361,0.5218202937672407,0.5204820310801291,0.5209976994011029,0.5219648201755309,0.5209846169993817,0.5220903962020078,0.5210887251114978,0.5193281306832357,0.5205884625867107,0.5229724782339896,0.5212018324630937,0.5216683462742021,0.5219307270233196,0.5225049436323209,0.5218348979610241,0.523027256485715,0.5212380673967261,0.5220069919769619,0.5198930411893374
0.09,0.6597308394480565,0.672001086421757,0.6845641437233028,0.7017037933829726,0.7186580161242323,0.709726430634839,0.7049491245499754,0.7071158558458357,0.6751451589226865,0.5943416326737145,0.5531659913166416,0.525228844961077,0.525426690454218,0.525019207145083,0.5260644027410792,0.5253583413243073,0.5228781647012378,0.5226015304593883,0.522262371230089,0.5210681402122843,0.5224126466306146,0.5244997249501753,0.5225692534376217,0.5212165932198463,0.5204946563179795,0.521284472660849,0.5217469346223099,0.5219100481863245,0.5197741159577995,0.520935005325646,0.5210572747422098,0.5220395445495546,0.5233790033777521,0.5227604042981919,0.5230706181657132,0.5219637993849705,0.5229337132427723,0.5226712322933544,0.5229674243813383,0.5226929569709851,0.5221282406029653,0.5199606576045515,0.5221650892634376,0.5225243511780047,0.5216047754461167,0.5222451367784199,0.5218162106049994,0.5218033098163228,0.5207190799408016,0.5225079809539268,0.5230912406400394
0.1,0.6499733780326873,0.6673397183469756,0.677127158439721,0.6874413327241156,0.7038605672739806,0.7034641748855963,0.7080416189462736,0.6931597200303405,0.6862057753449144,0.6548482291099909,0.6024980248015781,0.5779224169114056,0.5433411577242907,0.5264910243075909,0.5268862268174079,0.525715668120573,0.5236129648166685,0.5242859100341583,0.5219344594845096,0.5231663658152645,0.5228477977476976,0.5233270182094005,0.5236010910810711,0.5230074418763107,0.523678508338168,0.5227503404305205,0.5214313224636047,0.5211496406316225,0.5225828806784762,0.5205757559361162,0.5211875351327302,0.5217584451318185,0.5252805483160838,0.5215158977796615,0.5215447053660267,0.5209234822910999,0.5211505862719576,0.5227210005300595,0.5224117698779861,0.5216449056664272,0.5216849231613996,0.5205029165802438,0.5213352616881146,0.5192013334655978,0.5236285522258995,0.5250000062625186,0.5210327507186866,0.5221819667515363,0.5231426997568138,0.5220442602261921,0.5206302836870904
0.11,0.627237504020537,0.6445622737351966,0.6640949570691813,0.6742090501412322,0.6844049317084853,0.6754852512672833,0.7008072574576579,0.7016163185207228,0.6799624825025224,0.6550950412374336,0.6265972929886843,0.6229406020134245,0.5870956479502524,0.5776450374298219,0.5378550785520255,0.5272920255089925,0.5249976891305719,0.525551120439759,0.5238417784651517,0.5216022516510503,0.5236193588483378,0.5228232737241746,0.5250215305395486,0.5226284342400459,0.5225123835046258,0.5223392436480524,0.5236098460823186,0.5244139534930324,0.5215407474541609,0.5226867320273227,0.5234551869186503,0.5245936251566883,0.5232739872004135,0.5216174257340422,0.5216922753584414,0.5219704752299846,0.5219149955761567,0.5218436216496775,0.5231914033653273,0.5226783903523142,0.523077970362755,0.5219704564424285,0.5230192529867204,0.5210980061643224,0.5212398710021333,0.5230613371128886,0.521180834237641,0.5211848672997321,0.5238723082441801,0.5232106543480417,0.5247658444230014
0.12,0.6161837387938489,0.6390182286891497,0.6500538138238339,0.6633515710405099,0.665022730438146,0.6769094231869508,0.6765113273934595,0.6796993565136707,0.6859137290443597,0.6650126916205494,0.6545271121972822,0.6155419496072648,0.6084377483088694,0.5904999343688029,0.582420859297736,0.5672754022791558,0.5303992242993745,0.5257481455429402,0.5258117163710256,0.5261231639547456,0.5246776618961303,0.5229728978227477,0.5227809140471804,0.5253424783642501,0.5254122052482912,0.5248051667783902,0.524438546404262,0.5240489801613425,0.52279272515759,0.5254251060369679,0.5238702478755031,0.5231787843899955,0.5246597323048775,0.5198494665837007,0.5259489845200556,0.5229172177683188,0.5250554358161965,0.5209952632812993,0.5217386994101209,0.5224615631647663,0.5217782096410725,0.5247278246715184,0.5223272822371922,0.5235857291225158,0.5196248613478343,0.5250944325206086,0.523474682139597,0.5219541613685758,0.5245084736889041,0.5236903319736153,0.5221634109084058
0.13,0.6002861094327558,0.6258926406386366,0.6298048674299925,0.643904940977013,0.6523812163013865,0.6572786625464303,0.673305713120528,0.6620575655735816,0.66210062039016,0.6514054407260114,0.6279255794833872,0.6176639352064777,0.5948337476615754,0.5967928952475999,0.591774131488846,0.5826492721450177,0.5791105231858482,0.5715055395736074,0.5286831876921967,0.5247361412964515,0.5235054999944889,0.5248180988796605,0.5235457993028063,0.5217207447687928,0.5233371572272973,0.5237314266218169,0.5231600782464146,0.5226345401958514,0.52335498661825,0.5226240191643095,0.5234919040662283,0.5244194144094043,0.5240384340797253,0.5222124401678956,0.5228463761559355,0.5261371606842078,0.5222983243503765,0.5226918359801243,0.5214300010721431,0.52178977651325,0.5238928618307997,0.5238097081065048,0.5241336306276245,0.5239689764839914,0.5233665033902772,0.5245460362765166,0.5217382672963253,0.5196068941814688,0.524112406951496,0.5223523385748111,0.5223491572152734
0.14,0.5977132475318161,0.6129164324484645,0.6218484187390593,0.6281174254835414,0.6391505369233098,0.6386032303574847,0.640934346508671,0.6362544351157965,0.6172948160873586,0.6195487592196801,0.6103485805625445,0.5965563787010233,0.5912804884464044,0.5861685321457593,0.5868983347712076,0.5853109616122629,0.5799297107417726,0.5762293073854632,0.5738048296043791,0.5672230037845651,0.5301089127165203,0.526619850581312,0.5258627371114859,0.5257349441533624,0.5243263846930013,0.5250504946888831,0.5230896436977517,0.5225041169798427,0.5234317901485068,0.5241545662278895,0.5253304418031645,0.5248833543252962,0.5236421356291227,0.5249367673479285,0.5228238185633081,0.5230855730605479,0.5246544091639187,0.5229526824121418,0.523033963643323,0.5244105592078564,0.5230725407589771,0.5227730608486363,0.5234831615900186,0.5218810339368396,0.523510422334246,0.5247477019061103,0.5237785833881929,0.5229179254329404,0.5228615565014463,0.5215833263193123,0.5230980104228352
0.15,0.591086500664829,0.6011169076984892,0.6112731099467836,0.6233700291883476,0.63134192125058,0.6185826529732937,0.6224010985459933,0.6127985530575621,0.6006417390864338,0.6052543346649953,0.6027689789388988,0.5938361722583443,0.5880008699891082,0.5878712734255777,0.5837308028749468,0.5811995240986731,0.5820533872210548,0.5797213003794585,0.5760620668215762,0.5765066868670471,0.5729934451468484,0.5616230219208196,0.5269011441371301,0.5257699641583524,0.5261810859908957,0.5264869724579434,0.5258275918561204,0.5237075351126903,0.5251138338037736,0.5231340950560168,0.5252443071199326,0.5257910312715117,0.5268607947286625,0.5227416543169795,0.5239326162999836,0.523146620093567,0.5241908950993035,0.5239918284150015,0.5225928067707346,0.521383877621365,0.5229613246880513,0.5223259608457306,0.5223019252986721,0.5250218374029684,0.5232385037690342,0.5224044677810944,0.5223787163038914,0.5251790140991842,0.5228026762999235,0.5224847532717903,0.5216085642699756
0.16,0.5832550142735327,0.5992496187378571,0.6025694989283578,0.6042930630831032,0.6132387580272965,0.6030227862998133,0.6027249972695418,0.6053444836227619,0.5979378652927201,0.5995937504070638,0.5931477335694052,0.5870636402167932,0.5823742912081249,0.5839786921556189,0.5788360369879388,0.5809603021439858,0.5778847290734177,0.5785593463834202,0.5779496964431898,0.5767255618982345,0.5757958909860811,0.5764555346136926,0.5721912728544359,0.5532448740031322,0.5255671587503419,0.5272163680196713,0.5245553799545292,0.5230010666321977,0.5240747191135079,0.5238948658368078,0.5216844722600479,0.5227965390315241,0.5228752087923759,0.5230711316922527,0.5222384922459997,0.5243246311877442,0.5237809193076961,0.5241059878697516,0.5226949735020305,0.5231443467992516,0.52208782856931,0.5221298563328093,0.5228238937135334,0.5235130525921317,0.522462295879463,0.5235045981917853,0.5238012036060085,0.5230692842492142,0.522198706464222,0.5256273039806573,0.5233651005860716
0.17,0.5786311649487325,0.5891729630030431,0.592358217827437,0.5971311777242709,0.5926855659463267,0.5978959126794462,0.5920987303619937,0.5877717933148363,0.586356138420703,0.5854661217774331,0.5840866830293758,0.5804527876224572,0.587503838924009,0.5829119221824427,0.5812468937906875,0.5842864886908931,0.5791670048426805,0.5794556819081343,0.5798214130045961,0.5765969109750391,0.5783504538071603,0.5751037824611396,0.5755095498401304,0.5735523373724074,0.573800514728943,0.5411525765004243,0.5259953334215096,0.5250682614546477,0.5247097573048523,0.5239122505889272,0.5254952462472482,0.5237094952810668,0.5254255819883948,0.524414917920924,0.5240651374597821,0.5235937764591417,0.5235058694830966,0.5256389898406915,0.5241185943200457,0.5243965875284694,0.5235260535811086,0.5271254738221705,0.5246200279358437,0.52318269846423,0.5214306335865395,0.5232859799238677,0.5245663205748292,0.5238817709100492,0.5251365479593707,0.5237765856447038,0.5237042410278145
0.18,0.5733236740243747,0.5758386639893146,0.5873954221989757,0.5933540585129674,0.5802808063318573,0.5873231777823869,0.5834233194656118,0.584418133098063,0.5836513440367295,0.5857552560067575,0.584415822228635,0.581975606737869,0.5800652817482147,0.5812395165435705,0.5776773081890699,0.5812812311811311,0.5809350391432474,0.5782612379646913,0.5754326335845354,0.5782515936857778,0.5759231766801838,0.5752326212598985,0.5776105059012966,0.5725057640222804,0.5776862072282491,0.575931762593424,0.5741514412310206,0.5350332063795527,0.5283264620977334,0.5266787433078723,0.5241159202245289,0.5277338587336085,0.5272698248799351,0.5246407506104704,0.5230271124477832,0.5236799612425238,0.5224676002328655,0.5230057196836476,0.5237595641186732,0.5216118771424076,0.5253838861383906,0.5241588184781378,0.5236640168697225,0.5245848451053655,0.5236296857417978,0.5262131626120615,0.5224657903649396,0.5225233554375197,0.5214236258280301,0.5236907077247418,0.5261669326984643
0.19,0.5644760626492359,0.5730927937446955,0.5788694287380473,0.5848665294423553,0.5818307358910462,0.5775640442745047,0.582705885314744,0.5805848891934977,0.5789345965084204,0.5760825765705646,0.5827000423847272,0.5788555760465168,0.577281153776399,0.5766330770209649,0.5800381713044376,0.5788062837612388,0.5757083033984935,0.5733376832788745,0.5814403930957985,0.5757209536864192,0.578092613384155,0.576108090072054,0.5786516120725329,0.5769406794181569,0.5740870813255698,0.575048603408213,0.5751607275443611,0.5737087688288888,0.5627330909488066,0.5262390706522337,0.5256156556957358,0.5244653625096568,0.524560001693385,0.5246347010173336,0.5255106645684723,0.5242313071329587,0.5244054302049799,0.5241147553960366,0.5249539704870034,0.5248742611480349,0.5254913321730138,0.5260785059333607,0.5235611675238803,0.5261655361567773,0.5248654623091561,0.5244323903483061,0.5247754761768776,0.5245499941883826,0.5263287687086485,0.5230548992435878,0.5238614051989927
0.2,0.5634800591382172,0.5731962192422654,0.5739996503009517,0.5716641879617355,0.5754634577019461,0.579367756144533,0.5778017256495735,0.5773257742226711,0.580729578427276,0.5766968044120195,0.5785251405058711,0.5792040351161971,0.579542993944896,0.5825462850237624,0.5813627002878755,0.5797015671827983,0.5778494209925642,0.5788206875544213,0.5771945681918152,0.5770620094569043,0.5774347733619505,0.5798434132330528,0.5789433890847804,0.5753076900724549,0.5752766029292555,0.5765975372269165,0.5755734150065982,0.5741276874973071,0.5752734215697177,0.5750017347177007,0.5357822349376402,0.5238297419040661,0.5238744249755259,0.5248382704526348,0.5234057192828464,0.5264194562430298,0.5249634331528725,0.5245047600152705,0.5253927413399385,0.5262315806797788,0.5239152565979392,0.5252256949141334,0.5259363530196863,0.5249005136267397,0.5244570646722798,0.5233841323806289,0.5219796560825088,0.5270850116883651,0.5235993939384829,0.523107673489305,0.5243592754416078
0.21,0.55843943292642,0.5701273032291552,0.5705357509661814,0.5717172001831662,0.5708641324006689,0.5750135646156667,0.5743379014650285,0.5759305226147068,0.5772937163890617,0.5775211272333394,0.5800659768877987,0.5793681318956596,0.5773628420713004,0.5790953804154505,0.5806541777012248,0.5763641206271336,0.5762766958650343,0.578147729811894,0.5772116022428835,0.5782436152368584,0.5801795977659341,0.5771334021709397,0.5748779748216685,0.5752625373120869,0.5788063088113138,0.5761762513264015,0.5755946261576892,0.5783983683383083,0.5729094146699251,0.5764934666899131,0.5766698004310615,0.5762118600081563,0.5278326562298028,0.5106302561320074,0.5118639535431322,0.5192907246585923,0.5258616975333691,0.5227759729198667,0.5257089484379274,0.5257301846390934,0.524915956998039,0.5271102934766597,0.5255282058835612,0.5239908264119977,0.525601646441236,0.5248251003756509,0.5274284231679125,0.5249440944948953,0.5255427161395628,0.5254507510513516,0.526537811585359
0.22,0.5588497406315224,0.569910895630365,0.569709831202574,0.5696682418153889,0.568619163457752,0.5675337499661823,0.5742301109918727,0.5745866674983292,0.5746630952774596,0.574499931613295,0.5825549836623412,0.5805147114081047,0.5774761498234972,0.5807742552362172,0.5802459804649494,0.5789725786847909,0.5777451876300727,0.5804245248752256,0.5812363289215141,0.58005630755881,0.5779861443024605,0.578819359900441,0.5779199181664147,0.5760681539898258,0.5791950546642738,0.5743440074208342,0.5741118871624377,0.5804781382984585,0.5762760946632317,0.5760109270932594,0.5781824867910954,0.5788355798240682,0.5707481317653988,0.5301723833443049,0.5131217178139094,0.51338485006528,0.5111612989365737,0.5199602505408307,0.5242955104754403,0.523449099750401,0.5252629631633635,0.5247890407925443,0.5263648909169429,0.5243507020534047,0.5255460102244387,0.5272847108870631,0.5250981211441671,0.52540939963988,0.5252279556834112,0.5243554365175986,0.5282560400741081
0.23,0.5572148850552254,0.5639227252778303,0.5639365341317293,0.5637531174818462,0.5641078328077828,0.5681247376004632,0.5702998544089635,0.5731405141377615,0.5760211725739752,0.5769240649558467,0.579324525977429,0.5794972149326504,0.5810980399819238,0.5798658393127862,0.5787560145230316,0.5825734894053212,0.5788354796237678,0.5785790983676369,0.5797955174894615,0.5763810419528637,0.576945576707839,0.5804723893062232,0.5747390721552383,0.5778349670992313,0.5777716843470098,0.57999685120556,0.5762065681797914,0.5780965024083142,0.5780183211239267,0.5738641168696225,0.5758415071728384,0.5756118418218017,0.5783398137877617,0.5592368018669318,0.5341395887879867,0.5200406362318271,0.519539227666104,0.5118370810750685,0.5161181514347171,0.5182994055116171,0.5202567307046784,0.5260772534296058,0.5270439796653509,0.5246205289373457,0.526060570079589,0.5259598437276114,0.5246556679301924,0.5252616229843456,0.5257970307644981,0.5242005706908108,0.5255067442317192
0.24,0.5527674133092051,0.558319286503721,0.5608146685223762,0.5626497430864298,0.5671760411562714,0.5648034045056066,0.5693733460687914,0.5725501339678016,0.5740474145316488,0.5735438015593172,0.5774213339966593,0.5794115937759582,0.5803583488393299,0.5796199540381222,0.5805051610669728,0.5795614621127634,0.5795826607388169,0.5815678541404268,0.5838561785008232,0.5811197333469605,0.579142524656789,0.5788538475913351,0.5802485731477223,0.5804111794477159,0.5795113995376757,0.5815835855875895,0.5795087943298654,0.5779902212021832,0.5751434242049858,0.5792180506332157,0.5786609307004702,0.5742431182433685,0.5770034862189515,0.5775745214684154,0.5359881465549631,0.5274925638852059,0.5260664818973123,0.5226424372320262,0.519682589245902,0.5177763348934514,0.5174478031585131,0.5166075985895797,0.5225935895855811,0.5254716052388725,0.5245757519281042,0.5257610212815417,0.525803856909963,0.5243011780549317,0.5260025102680258,0.5262275037800561,0.5253827901976049
0.25,0.5502708789870953,0.5564112535959383,0.5546660649638627,0.5572548086124163,0.560537721154588,0.5637957777597417,0.5697104574544515,0.5711729497265032,0.5693810802794786,0.5763498420843266,0.5784410286162037,0.5801068210352496,0.5790685705725745,0.580845497649802,0.5770713593974356,0.5798002081160238,0.5788599347595845,0.5796130965800634,0.5798096707818929,0.5780978050122194,0.580366803239676,0.5779928702476249,0.5760699575952329,0.5814986783580378,0.5787108617626635,0.5772337339842344,0.5791141303966629,0.576263813863914,0.578750991982974,0.5808454913872833,0.5763303656509361,0.576492633774916,0.5763882125368613,0.5767952699947194,0.5701778668057447,0.5345544180316448,0.5379958411865315,0.5243457609260908,0.5236818713107495,0.5191281997713425,0.5183557807056298,0.5170208371534691,0.5179547665783897,0.5184814005697385,0.5199891270149022,0.5220062717873025,0.5246735975214454,0.525767027037047,0.5258116725333942,0.5259731265299333,0.5241146364081798
0.26,0.5503246427107789,0.5534592400208017,0.5525477617256895,0.557015217169121,0.558003023043063,0.5600249022796572,0.5651318673528383,0.5671104788472154,0.5706863833302773,0.5738068711854998,0.5726201927653378,0.5768143894645396,0.5801354720586454,0.5813373308243177,0.5824853945537128,0.5792690901612323,0.5771335837839843,0.579763741469197,0.5750174411147884,0.5797741122002884,0.5819087480874268,0.5788283027772518,0.579206352248144,0.5775407101295489,0.5760617474331188,0.5786671243315388,0.5789918421925428,0.5778458889319749,0.578284853922992,0.5807638156174192,0.5778586769953137,0.5792201297894491,0.5779443983523062,0.5775891381872362,0.5511158994329663,0.5378319072325576,0.5419227911595275,0.5268916939962983,0.5194935050165276,0.5247896357318276,0.5238677366054739,0.5208780289298302,0.519410589267946,0.5191649043938827,0.5203362271180083,0.5181821899477049,0.5209989832174511,0.5195299841883922,0.5256385702519335,0.5260083156229302,0.525582852622392
0.27,0.5480273253734216,0.5529242142542944,0.5542630656181707,0.556122864606348,0.558149478307136,0.5594607996384773,0.5612312575338101,0.566360554748943,0.5648230437644852,0.5719254289324359,0.5746798349901454,0.5732650255360465,0.5728600722844966,0.5760674588502415,0.57912217147077,0.5807403061219377,0.5802536332628926,0.5783331191551913,0.5778897265634002,0.5785041798555313,0.5777157600543485,0.579108337566796,0.5814926600774949,0.5801315579844107,0.5790090766442118,0.5793992503514526,0.5790497517036557,0.5753502125749372,0.5785716146577007,0.5776159041924808,0.5778820424528632,0.5587290368446525,0.5620076094613131,0.5717166929191453,0.5592898454009565,0.5312104208813417,0.5379058863668471,0.5256472751530307,0.5225402517131743,0.5266429342255166,0.5199775977178375,0.5231563332601866,0.5190423531639745,0.523662263364465,0.5228163912160404,0.5213281537293044,0.5182865673481283,0.5175881086291493,0.5211735321407489,0.5177775247720188,0.5200648847045239
0.28,0.5456090161733305,0.5502735718701686,0.5495654626097568,0.5546669041413785,0.5576721867012158,0.5594954000547094,0.557638331524718,0.5625433428924419,0.5687533191349508,0.5660912163414665,0.5714845789232675,0.5700535808581353,0.571266098430763,0.573910002344687,0.575757032057082,0.575669206493781,0.5790766179092005,0.5800808942075207,0.5769227435643852,0.5797561074588102,0.5759396408420432,0.5773216785353923,0.5782904213021831,0.5826410807704601,0.5774353307261215,0.5805153940226513,0.5772155601547493,0.5717732998263528,0.5690025986947909,0.5778928891353816,0.5758430790650511,0.5487480473466458,0.5456156857558259,0.5490563198333469,0.5387979445912379,0.5318354515676837,0.5305156132108082,0.5267245912078242,0.5264644399153906,0.524097614882149,0.5247066573580584,0.5238441331722108,0.5216784226669107,0.5239309817825831,0.5221298124951776,0.5185379886893897,0.5204112771430084,0.5238486797608416,0.5229884664444221,0.5223081940799654,0.5201912498083666
0.29,0.5462361886410935,0.5475577366655944,0.5507824077831586,0.5503890589788988,0.5510185861537213,0.554990945650355,0.5587155160666172,0.5555170974277581,0.5585548699349999,0.5647798386474563,0.56707063044025,0.5678303679054431,0.5679444396849302,0.570785324864404,0.5734814519223929,0.56821176782388,0.5737221142563985,0.5730616940764588,0.5786546681816952,0.574193832220609,0.578438905622339,0.5781228488248008,0.5787032590648706,0.5755301034267502,0.5785413541669797,0.5721428761093426,0.574215131046963,0.573392198504811,0.5758127809992175,0.556902172442713,0.5607186327969611,0.5408748400552704,0.5403120274929583,0.531253920336753,0.528289444349254,0.5283851544236928,0.5297294291288284,0.5278337145954761,0.5266012884756626,0.5284261112964813,0.5239440892343792,0.5253985905324742,0.5244271173074976,0.5228302063324582,0.524443161880599,0.524011768274781,0.5228828929029127,0.5227775385495603,0.5245301795789781,0.5240761156551944,0.522725684894103
0.3,0.5425141983825668,0.5448446193941688,0.5482017177337497,0.5510984833682531,0.549005568381194,0.5523795692589486,0.5532733747260773,0.5561796030264498,0.5588188100512925,0.5600134418702988,0.5598713766318871,0.5611547045043042,0.5626242295849402,0.5671590509428347,0.5670081743405067,0.5697201393084776,0.5675736046356669,0.5656832257683109,0.5710134371107844,0.5688463551138726,0.5683778936594251,0.575067002688374,0.5637101879156434,0.5620577972867762,0.55782057708359,0.5582097487878268,0.5543535965895826,0.5494340123406689,0.5470959197435674,0.5379998053609165,0.5336445867789712,0.5335086650714779,0.5325951389327266,0.529387238840442,0.5282335325816307,0.5293610802995186,0.5276391318746173,0.5275303894986075,0.5246437691445197,0.5271099866132396,0.5257678223769311,0.5241758337416493,0.5271030790550308,0.5248492736981224,0.5277165240816389,0.5259032368204039,0.524096700554408,0.5269833960587211,0.5233938455472489,0.5258800467133796,0.5251705095986875
0.31,0.5420368316264212,0.5459343540236934,0.5477947103760417,0.5476409217024832,0.5482118943267593,0.5484844140937735,0.5496584798011224,0.5549332553273995,0.553459114770426,0.5559240672103536,0.5560392662432202,0.5554801610920228,0.5592192793393995,0.5576976501025548,0.557223301880459,0.5613163902140379,0.5632244732219708,0.5605897125854583,0.5579078891203515,0.5566608024440857,0.5580272652532411,0.5536203057411766,0.5541934765095426,0.5493854402450499,0.5470848601354107,0.5487592635177722,0.5402141693745798,0.538675762849937,0.5357568091114138,0.5342887807727648,0.531962968974981,0.5304514474434393,0.5298965444423401,0.5291717580944305,0.53012419952485,0.5281289172054937,0.5267599807014218,0.5263228067907746,0.5258028110693275,0.5264399910420929,0.5295834247661073,0.5251232651570488,0.5269889759629498,0.5275076064553039,0.5230452487021555,0.5301960932403874,0.5248928232536839,0.5227413349285219,0.5258969930891851,0.525450375300225,0.5284283908533155
0.32,0.5418529891252615,0.5431128826524223,0.5439453843232622,0.5394390574257942,0.5466512370729089,0.5447460661362062,0.5498309996683368,0.5470201933665397,0.5468115888661434,0.55016702137573,0.5482076232889547,0.5504607335062791,0.5543446036126216,0.5495414646378111,0.5496143290437585,0.5525221793364936,0.5530725795865936,0.5509246107969831,0.5467881357333308,0.5479935077720363,0.5416233112491871,0.5431420973025076,0.5404863760156553,0.5390987959931903,0.5357010476442408,0.5339842783223664,0.5350805071838606,0.5330668819470119,0.5344939283627972,0.5320726444662881,0.5299939015592168,0.5294127523419314,0.5277993208423638,0.5275500162324487,0.5259628685241797,0.5264448507566624,0.5296491624256889,0.5265879931483035,0.5264258377496616,0.5266465539613686,0.5268919444970495,0.5286397320744166,0.5276679707735761,0.5280847226104983,0.5271461526591654,0.5284514557099641,0.5257264271278285,0.5248974763051336,0.5212902968033097,0.5249276240705167,0.5260879999118234
0.33,0.5413823357892427,0.5450470177384592,0.5420181881080279,0.5414955370786202,0.5423474963952941,0.5426949033618202,0.5419323164505847,0.5437593562030498,0.5430082359636914,0.5410871331792253,0.5450456900844788,0.5439754694634573,0.5440247179111044,0.545561176792408,0.5459127984340697,0.5432336803770736,0.538597011676341,0.5403203879555232,0.538842145448752,0.5402470162855548,0.5400118837556276,0.5350713012812612,0.5351108240372504,0.5355680755830906,0.5320940998556114,0.5314606022438855,0.5295984360236112,0.5301149435221006,0.529427575723872,0.5293758410562714,0.5303851962573184,0.5302479155832508,0.5288488814139465,0.5269007120233347,0.5279876723570416,0.5274746155063971,0.5281716150585019,0.5306658385111838,0.528324439304169,0.5290448669390109,0.5261750489227965,0.527792356921486,0.5271818427536645,0.5293436391847302,0.5263402416430443,0.5271204387570753,0.5268288433578723,0.5254125559493426,0.5247418527135743,0.5271493841188535,0.5259006817127437
0.34,0.5396188230272315,0.5405781720158597,0.5380678726774824,0.5414913537160784,0.5406616012909807,0.5368589873657441,0.5409988692396099,0.5424558442326209,0.5422417412407403,0.5431222325929533,0.5395559786513239,0.54030552699847,0.5388761133505877,0.5376014152290429,0.5377279368958549,0.5369818266715163,0.5381944006068131,0.5326510131252373,0.5349676190204218,0.538101038976915,0.5342383800216632,0.5327481009538066,0.5313230961191421,0.5324083968853739,0.5340255545836128,0.5309091185780375,0.5292970773576379,0.5296688204721236,0.5275774648522396,0.5263787874461047,0.528389049710371,0.5267949631312995,0.5278215402589777,0.5298967824180536,0.5295856730103476,0.5266782861440018,0.5279431521110701,0.528030946361777,0.5281380730079428,0.5270716286857426,0.5298580550019489,0.527075098121144,0.5264267959150339,0.5267394396398399,0.5287475663852039,0.5296493064636205,0.5278107875142408,0.5270222737752766,0.5278327313800287,0.5302192457722987,0.5263658177697216
0.35000000000000003,0.5383506066126186,0.540244204414625,0.5380193193694195,0.5394762630498366,0.5383856767177587,0.5379805105405706,0.5388101314527741,0.5350222469716964,0.5332018329640953,0.5377424847269692,0.5385366034202372,0.5389458151845539,0.5359299677555434,0.5345625092059025,0.5345800755710666,0.5328188110532955,0.5316718620522425,0.5333446246546847,0.5292624143162181,0.5322237277317357,0.5288857300744187,0.5308369305241177,0.531273352932512,0.5314069011453897,0.5282777835392951,0.5306762593424255,0.5306569895721547,0.5292789411032655,0.529159558707857,0.5304714624534445,0.5287661973785597,0.5270592727361996,0.5307803361419478,0.5285048812576341,0.5304557122187251,0.528116968319671,0.527897942988033,0.5301185507329149,0.528630150420691,0.5299595140686232,0.5291014613211809,0.5290698418638858,0.5289354168983799,0.5274025026027027,0.5274960896832768,0.5310055300545791,0.5265517957897836,0.5291996450905359,0.5269592227362498,0.5272928646865083,0.5282230741752763
0.36,0.5381809675040405,0.5382332845858873,0.5351996578660743,0.537124167460754,0.5369754389023658,0.5369129514900287,0.5340650084518953,0.5352387923458994,0.5356599467335205,0.5338503856709561,0.5354449920390861,0.5339315604393182,0.5323125740855972,0.5310015157800443,0.5322996732969204,0.5328181973264556,0.5315770850931012,0.5300816269222175,0.5295009661813965,0.529989473958443,0.5296295419543666,0.5298503834164494,0.5295860487614741,0.5282146197749301,0.5283302196089984,0.5277581072063053,0.5288091958324691,0.5308725454683912,0.5290809703597491,0.5295096836075313,0.5300578168258349,0.5270025593661728,0.5287793424054685,0.5284231115499884,0.5282256919081244,0.5297094767440113,0.5293400257113972,0.5281512305598892,0.52759663442221,0.5285274952129306,0.5302679305932558,0.5304934125817509,0.5283856053250447,0.5297433945456969,0.5304369058748438,0.5308762967171375,0.5300523120718316,0.5274910859307755,0.5305980467454441,0.5280951810168526,0.5275781286792297
0.37,0.5352109742375006,0.5349082127673218,0.5360383218553889,0.5360348899951003,0.5358854412470528,0.532423790156523,0.5326557037517999,0.5347659158157156,0.5312453406860314,0.5340405783661539,0.5293001710419128,0.5326480885289694,0.5338372406440474,0.5308011840669498,0.5301866305745184,0.5309171095519944,0.5305004328652977,0.5288201552403254,0.5283483182882582,0.528873417962507,0.5274932527622718,0.5293128088048008,0.5305722827432036,0.5296149377605834,0.5299880648917185,0.5283934272109948,0.5291818720622524,0.5295239997254513,0.5301377390904417,0.52876251501752,0.5283319793767742,0.5293334688542396,0.5293963382802221,0.5273395455014575,0.5296018991964937,0.5297863241118996,0.5289982487492496,0.5286785283782279,0.5307305240676111,0.5291752651049447,0.5307427234541848,0.5309507392778163,0.5288786847407968,0.5310448837225614,0.5288976726977227,0.5307364233602974,0.5299778695111528,0.5281099292485679,0.5275780597915233,0.5282067102137173,0.5295171422673924
0.38,0.538971203435668,0.5359319404489575,0.5314876500624748,0.531283823863904,0.5336200502304106,0.5323897032668304,0.5298758718678638,0.5329983887791696,0.5316336481626772,0.5327773657040423,0.5300087938288639,0.5308240297354411,0.5305823403483563,0.5297959057656254,0.5273316046276506,0.5295679626072518,0.5286636423710999,0.5289178630582535,0.5301459680401123,0.5304310128446764,0.5281821173024877,0.5310683431178925,0.5275042309576844,0.5294190336482629,0.5291948667887106,0.5273388691494297,0.5291955306157007,0.5292819784248713,0.529178740802865,0.527326807538269,0.5284277082387694,0.5279048317586856,0.528993176109042,0.5281347225603983,0.529233606729853,0.5296211188666143,0.5308448150352554,0.5281765499232967,0.5284754474193913,0.529048906263621,0.5299789529269009,0.5299468888307727,0.5289923181439697,0.5305641477313149,0.5309734283833383,0.5297850215079943,0.5285469779088396,0.5289446290634979,0.5277011746481216,0.5303169222776329,0.5269704639574511
0.39,0.534541974406839,0.5338384680977273,0.532267145774403,0.5341596601606611,0.5312351327804281,0.5332668191214237,0.5292210002795589,0.5304191265840414,0.531370979337696,0.5313334355376397,0.5309923725026328,0.5304750383516649,0.5291217769320873,0.5298472083194306,0.5268117028439852,0.5293298679059439,0.5280963834204575,0.5315604831558285,0.5293875832789746,0.5304431120309498,0.5282062968874781,0.5294383159435713,0.5284896883870858,0.5274209331954577,0.530812149737325,0.5276258177597015,0.5291183012341671,0.5283466712458204,0.5295321472623774,0.5292514423833241,0.5297185260836411,0.5297617312006702,0.5305311254698142,0.5307384712039366,0.5289918108799491,0.5289005346688029,0.52791375584794,0.530550057064071,0.5303227151074998,0.5299732415097781,0.5296879524669814,0.5290995763030297,0.529178822215609,0.5305770798325853,0.5302774057841626,0.5293429064700336,0.5296044918792667,0.5276868397426455,0.5294461127794461,0.5291898880862845,0.5294333309786262
0.4,0.5356509600190782,0.5321590233877521,0.5309247059872685,0.5318432296160024,0.5295877772166561,0.5301360168977787,0.5279243770797826,0.531336103370638,0.5294440023106188,0.5305429365802239,0.531983654074495,0.5290640678215752,0.5281267065363661,0.529010936612288,0.5303315264714163,0.5289204557410263,0.5288229170111052,0.5320509824138453,0.5301929995561127,0.5301584179274369,0.5285572108645182,0.5295122387151917,0.5296016173831489,0.5277608627145665,0.5278510805600395,0.5272015321126933,0.5305627637146657,0.5316423906388872,0.5277355120385652,0.5272272710648587,0.5299099900701503,0.5293932445959474,0.529947214481749,0.5303075660745831,0.5304370624378132,0.5299745065385706,0.5267273905537169,0.5299482540598659,0.5303721952683412,0.5293403952000049,0.528462458955452,0.5300555811066322,0.5264812986159333,0.5317565187810434,0.5302266856446036,0.5309762527793058,0.5292717893068243,0.5290124145667188,0.528254537069602,0.5290522128735342,0.5297162778394011
0.41000000000000003,0.5328775722669616,0.5331097989881772,0.5323140207274342,0.530959882555228,0.529710735510285,0.5296715008301596,0.5287500651301953,0.530102969586203,0.5316842180017856,0.5296616248380512,0.5286892372853333,0.5304701723745767,0.5291534965896827,0.5290443033123213,0.5278857122888654,0.5279939912384857,0.5289533214395578,0.5315974633291951,0.529915757849942,0.5286785659533406,0.526912059707355,0.5296341511681852,0.5284130915199483,0.5300770803335867,0.5282432394857319,0.5286095154213272,0.5297964443422402,0.5319930102775448,0.5293107860112365,0.5293661153646138,0.5289113563012462,0.5279572928784639,0.527883501619738,0.528676161146131,0.5287874398422445,0.5302965941416893,0.5276976926876827,0.5300849084820556,0.5278727050373696,0.5289225411597784,0.5301353029706383,0.5287550250450651,0.5297103409716023,0.5293337569301033,0.5287907589771954,0.527667926935945,0.5299008593177762,0.528832110388667,0.5287453056159261,0.5300221643064484,0.5285854297741184
0.42,0.5327615841567293,0.5335807028249471,0.5285290044799555,0.5296716323430537,0.5306606468831194,0.5307949090231372,0.531578588097607,0.5307657632607583,0.5298136036436837,0.5271628547967387,0.5291814462109757,0.5283878598318037,0.5282060275991707,0.5300074223372522,0.5273953821188556,0.5291908024140256,0.5291973029085142,0.529559326593861,0.5289732425117812,0.5273592348604861,0.530160891622353,0.5293828049771493,0.5272601430259087,0.5289213638062487,0.5303211620028436,0.5287826114402691,0.5284921558194833,0.5303951536621707,0.5285665044423803,0.5297390420951482,0.5293805755204654,0.5297424551678807,0.5287200739277815,0.528009991973956,0.5301058315572831,0.5294135288942596,0.5296415284153022,0.5312444013082152,0.5303022178835493,0.530394590035481,0.5297330801772743,0.528000303857411,0.5292907396886376,0.5271708019330641,0.5276019012004999,0.5270494030066103,0.5306285765244724,0.5288073797020243,0.5278331760188616,0.5287516808600393,0.5302398244089935
0.43,0.5337638251364478,0.531187481275069,0.530561141722303,0.5288764740716694,0.5317191378064752,0.5304745811877944,0.5295839758677597,0.5301130522414306,0.5292936392348304,0.5280201122042963,0.5297662089015944,0.5284719717214712,0.5296355038722407,0.5286337826815805,0.5296768928588247,0.5288656336516697,0.5281931894356819,0.5294983609735863,0.5313119989358729,0.528607880903927,0.5290720274829384,0.5278983187391596,0.5295028574620666,0.5294662279897515,0.5276733565397229,0.526412968273579,0.5279028089651214,0.5292965387810232,0.5300918410903396,0.5275018637255874,0.530216653089526,0.5299409895380867,0.530300301552804,0.5303872253134014,0.5305098830061292,0.5285000841682523,0.5283416612308003,0.5279164988311635,0.529301555058562,0.5294685451216983,0.5293043293543793,0.5288833628423217,0.5276735381527674,0.527993233473714,0.5274014692871049,0.5266990401312224,0.5280767003239476,0.5305682058434811,0.5295955991026062,0.5291269936102269,0.5300514854193532
0.44,0.5314186621556491,0.5314932299667035,0.5306836115394675,0.5287397194491787,0.5287671492814134,0.5277255045335627,0.5298266923079236,0.52997435623812,0.5297176305434563,0.5303377013149284,0.5294294607420232,0.5283703247792337,0.5271847360373387,0.5296443340237136,0.5293046111677243,0.5290719711202694,0.5290494010026042,0.5284816097378658,0.5297565771477183,0.5297313078844611,0.5273986887287687,0.527236808880953,0.5277487134281428,0.5301076476877278,0.528913285157029,0.5267111831551271,0.5294045484423362,0.5295429814198582,0.5290286157027899,0.5285916171426682,0.5289848907967025,0.5295659210261313,0.5276122343564786,0.5290425435445455,0.5272797885473062,0.5290838761684608,0.5277172881089297,0.5299622132142152,0.5299486736486235,0.528534947610273,0.5301855784713643,0.5277072367662958,0.5290325610896182,0.5279133299966633,0.5287789478667857,0.5299890606322039,0.5281472162853544,0.5284538166795425,0.5278460517574632,0.530739072405739,0.5297460749037326
0.45,0.531002079406734,0.5307452034116198,0.5315241730719709,0.5301930120811502,0.5319721435649865,0.5289293923553183,0.5278772140508877,0.5304792968644321,0.5275870652935217,0.527821114407701,0.5319061303545788,0.5292718456694934,0.5302450160370581,0.5300092509927344,0.5289539602164728,0.5288613500888276,0.5286934206478751,0.5302702226751276,0.5293871135900665,0.5283839144449756,0.5302645049954859,0.5286401955008062,0.5292909839268697,0.5279452062172283,0.5298830048767487,0.5297591886180475,0.5280504603702803,0.5284614632149667,0.5293647376104834,0.527356986616246,0.5289886984081178,0.5294684261338415,0.5298916346276206,0.5305007209411613,0.5296719705190676,0.5299926490554618,0.5281190412133856,0.5295787341395449,0.5296874514654795,0.5283344468091716,0.5291390927965003,0.528356259162065,0.5269229564900234,0.5275216783349916,0.5304010654798942,0.5296840822303786,0.528854185767349,0.5283288543799054,0.5294420546672798,0.5292631532934335,0.5292362182001823
0.46,0.533102878904931,0.530011912563214,0.5294478224470718,0.5288781900018136,0.529533024015006,0.5283704061919778,0.5289948857766674,0.5297857166475786,0.5283077496916336,0.5282498589680772,0.5296884722560398,0.528832974616258,0.5289506285564843,0.5283867889410934,0.5282326245164082,0.529038523007492,0.5283450743035328,0.5282335826817809,0.529601416982548,0.5275970978485993,0.5296728034340646,0.5292399506613721,0.528867324531739,0.5285906840273707,0.5270804087370655,0.52808921283646,0.5260323699575451,0.5286884294204114,0.5281534161789416,0.5287884293202111,0.5278619335050766,0.529427989050111,0.5300165781397013,0.52795255841427,0.5272582392202011,0.5282549128207286,0.5302992744997249,0.5299744564384203,0.5301795915034153,0.5273847483619756,0.5276102554005457,0.5284005664823984,0.5298974149324499,0.5287372457542626,0.5293180818456094,0.5291980043106169,0.5275901777653529,0.5270495908821735,0.5286417047678309,0.5270156417678941,0.5284951054658262
0.47000000000000003,0.5298464442921399,0.5289670676682688,0.5280768694119546,0.5298540094148203,0.5292099030962895,0.5310550603155708,0.5274163177191206,0.5292485177870563,0.5304903940477013,0.5280591276962648,0.5302595262930598,0.5293711316421527,0.5306077849621393,0.5286962199937675,0.5290523318613911,0.5303174859043227,0.52804320211102,0.5288205748290833,0.5267106257909562,0.5307160263366469,0.5294213257301346,0.5277945237529822,0.5285513992470949,0.529845498651805,0.5302509842174506,0.5311224262300338,0.530430136092048,0.5285872271170069,0.5294766112458805,0.5313744988732476,0.5275102680257836,0.5267029542054568,0.5301340817794771,0.5286388427967508,0.528777908288669,0.5284682455228001,0.529364662460258,0.5298701228756284,0.5295598088078068,0.5300258341424506,0.5277527402277152,0.5295500392785177,0.5288020816111408,0.5282406217528839,0.5274980248015784,0.5277534103172241,0.5289859428998569,0.5284541298054812,0.5287564528993458,0.5295381217052889,0.5276962084707331
0.48,0.5310943701459218,0.5314435995054112,0.5320592677261846,0.5293798428057688,0.5288657589020451,0.5288067409251094,0.5285840144448752,0.5278683400617835,0.5303294786277769,0.5305128263899535,0.5290762859957054,0.5296607480854227,0.5283624778432084,0.5286804572340109,0.5295621447273098,0.5291754655055455,0.52749530686843,0.5293382221059899,0.5273356126396667,0.5281084387690994,0.5291317280744208,0.5296814331849367,0.5296786213140068,0.5282329564299033,0.5291581371160952,0.5291781208135061,0.5285650515380246,0.527525341908475,0.5298773498222948,0.5284382417953488,0.5282319732144558,0.528981321161001,0.5283106805504202,0.5298439392846299,0.5296305251698146,0.5289735243251259,0.529296244442641,0.530223723473223,0.529649995340686,0.5288213513814115,0.5305027124221319,0.5288549247445644,0.5292277199622045,0.5298154510867223,0.5284167989310632,0.5294211190670148,0.5282866888409931,0.5292725909092275,0.5302753454154856,0.5273994339685031,0.5288519312605899
0.49,0.5321906929451974,0.5307558183809435,0.5278798192586981,0.5281106306506705,0.5272018765512257,0.5296891861831803,0.5289462322683044,0.5295861552242933,0.5290686832979126,0.5283341649958266,0.5277985192399608,0.5297327482637793,0.5309594504414324,0.5310204097991887,0.5304207360513666,0.5312793774755737,0.5290760354949544,0.5274897645393141,0.5275288426564704,0.5309152182713245,0.5285890933476017,0.5285203058413769,0.5292309702094486,0.5288325738150563,0.5298344390436484,0.5265547329110892,0.5259934609283958,0.5283047562076592,0.5282248840432023,0.5295786214142069,0.527176488300112,0.5295045984422861,0.5259580526472418,0.5297044354163974,0.527476375274173,0.5283980927874822,0.5289202240278316,0.5294887667948229,0.5297925240054868,0.5284461388315241,0.5292600220340461,0.5304854216077939,0.5287990129769409,0.5285604485867249,0.5289157087517948,0.5278828440552664,0.5281793492691891,0.5272085711837964,0.5282253787821856,0.5296094831067304,0.5280366139412687
0.5,0.5301460118777437,0.5295484172861551,0.5308065447830213,0.5305565575585597,0.5290180696211728,0.5301384404925445,0.5308049290531773,0.5278057086115144,0.5286438027116206,0.5300320966612257,0.5283812653995337,0.5275266695624554,0.5291548618187758,0.5279563347130914,0.5294790786782778,0.5290182700217735,0.5285926191456722,0.5300268925081237,0.5291657523389255,0.5301898745592439,0.5298239681122563,0.5284187027367708,0.5279390438987537,0.5272901905909914,0.5285740194649102,0.5281826871916963,0.5266165690214739,0.5284591335579825,0.529501592433274,0.5267169509349189,0.5274217285353421,0.5282228925622319,0.5282634235837438,0.528670149128107,0.5272316047278509,0.5288112499386274,0.5270328323819315,0.528439826212599,0.5292287219652084,0.5302821151982814,0.5282396447999551,0.5282741137032929,0.5277365453541629,0.528136150414679,0.5297993376259142,0.5304199532365198,0.5290174684193703,0.5287250087925763,0.5288049498447396,0.5282131355579803,0.5302978466454443
