,0.0,0.01,0.02,0.03,0.04,0.05,0.06,0.07,0.08,0.09,0.1,0.11,0.12,0.13,0.14,0.15,0.16,0.17,0.18,0.19,0.2,0.21,0.22,0.23,0.24,0.25,0.26,0.27,0.28,0.29,0.3,0.31,0.32,0.33,0.34,0.35000000000000003,0.36,0.37,0.38,0.39,0.4,0.41000000000000003,0.42,0.43,0.44,0.45,0.46,0.47000000000000003,0.48,0.49,0.5
0.0,0.6660650215584576,0.8629207206240352,0.9368804573954224,0.9644435454395829,0.9708910162603128,0.9715782053849071,0.9690847236884345,0.9649104304090527,0.960016801961556,0.9554999013757237,0.9509648395220125,0.9463762314561279,0.9414578109913009,0.9362774792519561,0.9324878856735659,0.9273440392258836,0.9223487393153181,0.9177751980048987,0.9134014221800595,0.9087821652480705,0.9041317077688751,0.9001145095291646,0.895058657011619,0.8903844368900706,0.8863325982286181,0.8811452380812638,0.8773222571863144,0.8731331789904164,0.8681113995113228,0.8639393203542864,0.8600208937869102,0.855081060785307,0.8505711717487372,0.846824299510277,0.8433031931455952,0.8387714074010753,0.8335545302892848,0.8319720917048483,0.8264603698790456,0.8230644490334276,0.8165403369612647,0.8147984085344009,0.8102165678736266,0.8065922436454513,0.801246438510843,0.7979306561844779,0.7950161224214044,0.7886103822110749,0.7862186801965465,0.7828422810175658,0.7789784277706188
0.01,0.6696377564018516,0.6989066639663964,0.7888713419781468,0.9213101425444508,0.9696090644536268,0.9788044983030332,0.9800071004378769,0.9780933640268359,0.9758004737344873,0.9730710455799837,0.9704291114470467,0.9680696334418769,0.9652467554379873,0.9624560349166812,0.9600395662452857,0.9576977418862043,0.9551195312304686,0.9529279781034006,0.9502646034714409,0.9475144229613711,0.9456908856000309,0.9441335890164618,0.9421480968967726,0.9396452095414997,0.9376451180560883,0.9352717361528435,0.9349104376476701,0.9319882809023573,0.9309107515778621,0.9281902344596545,0.927166067480765,0.9247903912576131,0.924781727578561,0.9221832082446475,0.9203845005614255,0.9182342347313961,0.91833429218975,0.9161362692036944,0.9153909478344554,0.9137504027111337,0.9132438740526251,0.9124273851615129,0.9118971639708144,0.911396898338421,0.9113792760307543,0.9098774788372431,0.9103930085557955,0.9105832947599101,0.9108408063844722,0.9109078004615553,0.9116729341823466
0.02,0.6699383168173052,0.709999475683845,0.7301997830261822,0.7949173803605047,0.9095057810348178,0.97264977795286,0.9808438026105497,0.9815727303731998,0.9796536367555662,0.9778888254033691,0.9750393600583074,0.9729103479246872,0.9708632932329258,0.9688122546213342,0.9664969299462463,0.964391721932766,0.9619915867340436,0.9607854370730238,0.9583753659882236,0.9566864981092527,0.9560375068922873,0.9535747080351861,0.952178696561757,0.9517094032426824,0.9491131851577768,0.9487345184931117,0.9476616284757808,0.9458004575238903,0.9443121154615375,0.9442765612768735,0.9428481557493404,0.9409702981824546,0.9400211166808038,0.9393093394030643,0.9384732427507192,0.937942456542688,0.9373246956368891,0.9364107073591402,0.9367740673259854,0.9372174664030958,0.9368119444707255,0.9372778116676747,0.9384616812525787,0.9388326630125509,0.9397719681711278,0.9408333901443134,0.9407869852717905,0.9432802209637405,0.9441878373237153,0.9453608775969082,0.9481257468238133
0.03,0.6454768838484268,0.7184967200540209,0.720287568427033,0.7671561370681508,0.8197935654282871,0.9175172452986361,0.976790583479884,0.9823666412794754,0.981874632616148,0.9801733638633454,0.9782048493673079,0.9763160592982324,0.9744240256017213,0.9723198805404613,0.9699468229942225,0.9687136044886537,0.9662159663673762,0.9650358615454137,0.9639496414000274,0.9612430613971936,0.9610956571894651,0.9600001220116734,0.9595167735073196,0.9576022886190415,0.9573339102034055,0.9556559344874305,0.955683190939637,0.95379082591288,0.9534012553285585,0.9518207191488747,0.9515766322687724,0.9507524576807688,0.9500158456598623,0.9493370029000883,0.9489897772084289,0.9493129730760297,0.9494461094236442,0.9496701739357103,0.950167268415764,0.951150130910289,0.9520752718126358,0.9530418062322668,0.9544617877727873,0.955467610178699,0.957678970754959,0.9587247180867988,0.9612155993591835,0.9606653065430933,0.9632142339646756,0.9656087785192373,0.9678855575181367
0.04,0.6908710485896103,0.7440856157914999,0.7646019657780577,0.7584630668485723,0.8084867898711179,0.8495436488203737,0.9380275169064397,0.9809892349573094,0.9832019230255693,0.9816557952625053,0.9805454416911805,0.978718916738252,0.9758884374020138,0.9748033029415417,0.9723649285407241,0.9709241220261895,0.9700316841459908,0.9686337358581898,0.9662217108282449,0.9669534111826927,0.9657648977670176,0.9639866390949392,0.9643133400477912,0.964101555715051,0.9623513350821785,0.9636695171872006,0.9608581884024854,0.9604784090119484,0.958551176176291,0.9587830648776017,0.9570158928416446,0.957371312147111,0.9563889112293072,0.9563004114805331,0.9568058649553054,0.9574731858805775,0.9581401940519312,0.9591101717771549,0.9600703486598812,0.9615941600139,0.9626748484406035,0.9648426603834229,0.9669717939569319,0.967620464360253,0.9692485356555155,0.9717465559553189,0.9729488470363676,0.9741603100300444,0.9756308293235986,0.9776416011524814,0.9794060887405405
0.05,0.6518740485225653,0.7222907638889634,0.7541933426494021,0.8052493486134,0.7748068005365303,0.841938234624183,0.8867426373133162,0.9710842947112838,0.9843302108002046,0.9831053032715176,0.9817730100357714,0.9805393508028317,0.9787601676349535,0.9774108719791,0.9753492542989255,0.9730636506028738,0.9722462180822882,0.9713472690220829,0.9709789239188282,0.9703204384648594,0.968950707447263,0.9711959333352198,0.9703911863092383,0.969583162312247,0.9691655391081273,0.9670771126969553,0.9659925597940042,0.964512885154982,0.9641928029203607,0.9630498779316922,0.963017726609565,0.9618070697208603,0.9617808346772521,0.9620992341563118,0.9627847905418083,0.9637671875994978,0.9646420625609057,0.9665364938434682,0.9674007173181552,0.9704765133568873,0.9715488710796241,0.9730856405416628,0.9741617304541785,0.9766625638429387,0.9778195671281409,0.9783957939806696,0.9810267814963906,0.9815640816104331,0.9844603341917155,0.9847807012549937,0.9859906169167886
0.06,0.6676876309237898,0.6735914386938298,0.7237398560564088,0.7572142321156088,0.8201330546784431,0.8208863049030392,0.8867695751188631,0.9024623272660968,0.9804915347259401,0.9855002291142141,0.9830426727590021,0.9818977768449908,0.9810768088441062,0.9780401358280612,0.9770595033158097,0.976371356577243,0.9748885917323424,0.9744191361018617,0.9765008968890605,0.9771569230904597,0.9741143427202232,0.974497589441229,0.9735309294489335,0.9712375816849199,0.9746900088064381,0.9734488774804022,0.9695877606557574,0.9688687540337177,0.9665721687347268,0.9663198326541584,0.9669996363393574,0.9662106737801954,0.9662969014604661,0.9663250502925518,0.9675741590875294,0.9684012336549234,0.9708664306084034,0.9723646659827321,0.9738393009562631,0.9759945103649711,0.9776887589637477,0.979212127131202,0.9805671425368162,0.9833317268487782,0.9828326053598474,0.985500519248577,0.9867032530455271,0.9878986783360404,0.9888488640495577,0.9900667523975922,0.990672692888985
0.07,0.6324732515901522,0.6740001527818376,0.7196539131499023,0.7267170440003543,0.8349947136324467,0.81925214778396,0.8258828177097934,0.8767833109840716,0.9636362453642494,0.9835733702806664,0.9855022927092383,0.9827675684204739,0.9826442533021955,0.9802182024879509,0.9794255143194042,0.9784630211111596,0.9792650828265836,0.9789102968221906,0.9788148946242474,0.9791936026280312,0.9807374240110249,0.9806056169741177,0.9792715285192051,0.9792572523401063,0.9770481166497216,0.9762829719200218,0.9754969559464751,0.9722007384633597,0.97236693472545,0.9701899024221528,0.9686516140208372,0.9690143006526103,0.9690972374141376,0.9706543130704045,0.9719900322073342,0.9734955012531573,0.9757138656835087,0.9777705662922365,0.9798856889228753,0.9815548805953747,0.9829120505390883,0.9845289065139363,0.9859429157361375,0.9877517136439747,0.9883734013936534,0.9896859186972666,0.9905138877374758,0.9916753203984541,0.9925850252529373,0.9932167441037338,0.9935354916818623
0.08,0.6355405715679395,0.6690724702435498,0.7083300134170878,0.7292712122179977,0.7814702929006309,0.7729324831061752,0.8298926080985154,0.8843557715435866,0.9575611938486324,0.9826122166605613,0.9857419813854473,0.9855901700144291,0.9835004270110875,0.9814756478347342,0.9818547152856419,0.9829598763809496,0.9830297619569752,0.9834813177637404,0.9827154658891724,0.9817808100105687,0.9837132890521947,0.9828697718245385,0.9825107619837299,0.9845161739384023,0.982186742301953,0.9823150548559199,0.9804628601339236,0.9761769857580935,0.9741879794187043,0.9719494503969127,0.9714801842172621,0.9714366199843409,0.9721322567831374,0.9736412697273679,0.9756119347579801,0.9784291958292529,0.9792403578818994,0.9815096814240789,0.9843623320830274,0.9852657490269857,0.9870236458258537,0.9879623074538767,0.9893267493707765,0.9905552206749466,0.9918602222140033,0.9924789681210161,0.9934548915596176,0.9943733016688748,0.9947030992177688,0.995342032358607,0.9954570889429422
0.09,0.6436576856789082,0.6588580204844999,0.6818680825408701,0.6949838389884475,0.7502824311680376,0.7623122741421366,0.7772239214143276,0.8313184403530117,0.8609578181815815,0.9767696018946825,0.9848805877367834,0.9850720203374618,0.9848868902787824,0.9849801781023334,0.9846633743261647,0.9845892077910126,0.9840705354377753,0.9846352681852835,0.9861553707373976,0.9881106467939645,0.9879486443919827,0.9899286345890586,0.9884371755371065,0.987342278599551,0.9874842303911393,0.9836262155981433,0.9831215582630689,0.9773407015166029,0.9765163091847209,0.9748653366112014,0.9738706657624443,0.9737629139868919,0.9742348719329836,0.975678519147151,0.9788334499418726,0.9799083230837532,0.9827426053383406,0.984884975414508,0.9866125813715303,0.988422659809695,0.9894792610954228,0.991340430021846,0.9921703919256156,0.9931295906391288,0.993972702682535,0.9947762236999923,0.995486758561418,0.9959946745091994,0.996368543707052,0.9965976803518783,0.9968024112350132
0.1,0.6350490609996843,0.6603143428164684,0.6734434258428867,0.6982186575219114,0.720900861002988,0.7370013621610243,0.7604481461534836,0.794200253839646,0.836054259444099,0.9276138039200061,0.9849030631861494,0.9869378340549005,0.9880157196459857,0.9872746712008802,0.986555899444963,0.9882170915365217,0.9888203003926972,0.9900873956902825,0.9907930113842074,0.9903302069107985,0.9912513846536669,0.991145125556492,0.9921684469525769,0.9913992567459469,0.9887712114787174,0.9885164297863449,0.9886171790720596,0.9834107432671726,0.9787680370656483,0.9756689765928023,0.9755800703876316,0.9749408635494035,0.9768352127515734,0.9777336135993867,0.9810336215515241,0.9836917793289413,0.9850605408769434,0.9881886967442497,0.9893447200946575,0.9912887028505738,0.9920165164700127,0.9934965352217672,0.9943612277795124,0.9949017017050468,0.9956342695265172,0.9964291679827314,0.9969522292624392,0.99717688077679,0.9973848018380972,0.9975155621023605,0.9978443008875946
0.11,0.6358511941062337,0.6557010754742592,0.6733043372967843,0.686463890823686,0.7024253598345507,0.7246395972469636,0.7427593324016899,0.7706871032863433,0.8032177083699109,0.8671863202587413,0.9830763455796587,0.9887307635830119,0.9877908761817249,0.9894012278081504,0.9892894293568922,0.9900827841310347,0.9912119026326629,0.9934446511636479,0.9927569010754341,0.9926335143486226,0.9958077681137943,0.9952912152299369,0.9943819870882834,0.9939059366491134,0.9941402381889441,0.9920189845561934,0.9884321951290979,0.9873732849957358,0.9810021800474938,0.9808671720120529,0.9768459096986989,0.9772281991306346,0.9781892058190964,0.9805483563875402,0.9822206871477344,0.9842608990349531,0.9877868101908687,0.9910249712236728,0.9920281859358411,0.9930246677211665,0.9943295380950385,0.9950613651211778,0.9959434134281784,0.9962604327149173,0.9969170373063914,0.9973712916609386,0.9977860499436207,0.9978976277680619,0.998104622311811,0.9982427661649325,0.9984350389354235
0.12,0.6398160706435991,0.6610273827101845,0.6726664421542587,0.6818306643394944,0.7017007067575902,0.7202740587512608,0.7397523217803756,0.7575593993771229,0.7842035648793722,0.8148434237699043,0.9045880874762144,0.9927969078257641,0.9914667759864433,0.9910406581109263,0.9905724179568793,0.9929004713074242,0.9939192636630366,0.9931394247543184,0.994987762036758,0.9950852245801933,0.9956433927602305,0.9955500484354104,0.9964347516415473,0.9960414507855795,0.9949413627021684,0.994502231265694,0.9911275057484333,0.9881172557448263,0.9821135651517935,0.9812479618934977,0.9781096445072859,0.9782568560328577,0.9802028901502823,0.9814237894018006,0.9857845925285555,0.9881467045667497,0.9906254894134972,0.9918423668430778,0.9932552457168891,0.9945889588064267,0.9957350126456177,0.9963652876237653,0.9969041181027644,0.9973940467840554,0.9978907960743477,0.9982300464539815,0.9982886371346167,0.9984547054909718,0.9986190373446127,0.9987554632644565,0.9988654269021765
0.13,0.6393302918604531,0.6604375723176745,0.6724473219282576,0.6879960477089389,0.6958406451853136,0.7110994452683453,0.7288196754926652,0.7488869577106243,0.764678379772872,0.7939594207784688,0.8288678681271296,0.9878159785562616,0.992980384262973,0.9933348566004063,0.9931641779818525,0.9947878137926409,0.9939027054208893,0.9942805399341662,0.995752808441799,0.9960157427422937,0.9972609795763242,0.997822653440066,0.9972781826773256,0.9973057726529557,0.997349500869867,0.9937666937251187,0.992694724745564,0.9907141617243524,0.9871005080512767,0.9850087182300141,0.9792297942184017,0.9794334294215659,0.9807780744089,0.9846211602389229,0.9865198677656071,0.9902153548906659,0.9921332635079141,0.9933111886354578,0.994837852441537,0.9956937055248913,0.9969057183154119,0.9973258834481229,0.9976605664284952,0.9980429300765801,0.9984978737228634,0.9987051278596398,0.9987812061761737,0.9988802670263703,0.9989838727228271,0.999109246517871,0.9992381401627733
0.14,0.6450740213956362,0.6611936600923913,0.675073178761183,0.6836923348276047,0.696629377885015,0.7105654265151202,0.7257792006406822,0.7405346492989724,0.7563329822464374,0.7783079196080631,0.808293122923536,0.878065825050063,0.992790884495788,0.9934787530684236,0.9944811621841856,0.9953039626168148,0.9960191851178504,0.9958719080374868,0.9972062005311599,0.9973305425412844,0.9980131431578101,0.9976458746687384,0.9985682489233089,0.9979574706870358,0.9970908386493514,0.9962936146587374,0.9946762559816094,0.9929695954301325,0.9897356990996883,0.9833296344151716,0.9803793742727672,0.9799781409911936,0.9825710853868292,0.9868780507184155,0.9895618530361387,0.9916282284977511,0.9932884791810113,0.9951249842311537,0.9961939587326075,0.9971060021267346,0.9976404386524299,0.9979819436055328,0.9983383252192362,0.9985792828338367,0.9988877433249448,0.9988973075477048,0.9991164674704803,0.9991976207839187,0.9992862706008696,0.9993529463473074,0.9993906094112939
0.15,0.6488530357469113,0.6681745615777782,0.6762834585466784,0.6811558855353532,0.6926984576345114,0.7050280976251957,0.7193688800048241,0.7365102720923458,0.7505209703908285,0.770035778886963,0.7899230031783554,0.822853175781591,0.9865738080491825,0.9948685339308547,0.9956737127945358,0.996248767491083,0.9961455828562764,0.9963990192395122,0.9973882098826004,0.9983717667050707,0.998287197916581,0.9986902037378259,0.9989321204448733,0.9982729304980987,0.998867538525271,0.9983988708323878,0.9967096731753056,0.9939606965497634,0.9907790853692038,0.9846029728317156,0.9823479609479655,0.9821606042502424,0.9857704615760431,0.9883823007080228,0.9905708521601205,0.9932410795169868,0.9953707197234622,0.9964362765161067,0.9971464967434278,0.997799587780779,0.9980590230724973,0.998588494439111,0.9988967618466186,0.9989083123947825,0.9991821464800168,0.9992868670002137,0.9993259573578447,0.999424576062459,0.9994943572316908,0.999506223115065,0.999536369096073
0.16,0.6482552573769735,0.6659695691633838,0.6804713640787813,0.6855243489371335,0.6954412502899971,0.7052532740903175,0.7164412880270445,0.7290427954044155,0.743445665018392,0.7667575951783135,0.7812834144714009,0.8040111994642467,0.859113302547326,0.9953198504305576,0.9960188396565653,0.996705527930944,0.9970533012266483,0.9974519667060653,0.9980484252751805,0.9984748518678538,0.9988162296729481,0.9988255124515121,0.9993061506768595,0.9988992975550657,0.9986390348687244,0.9983092902854687,0.9981720078312375,0.9951372924518889,0.9918638588353834,0.9872262582863197,0.9833393155226192,0.9826160913346254,0.9859594088567667,0.9895445961040737,0.9926719558091346,0.994426596930109,0.9963271006378969,0.9975019390193915,0.9980227324499001,0.9984089256349351,0.9986441306292055,0.9988832298622249,0.999081498267062,0.9992719052731044,0.9993621352317312,0.9995106905970885,0.9994998465104322,0.9995829705899855,0.9995866305275879,0.9996412145286273,0.9996559273915195
0.17,0.6549512246550588,0.6676146506152694,0.6745076780469554,0.6802485613670312,0.6893382941444185,0.7042273167460273,0.7188139078445568,0.7272417310806073,0.7364522472706316,0.7584543664576556,0.772266422929483,0.7952557936832647,0.8172042048587536,0.9836949869208287,0.9963956559810565,0.9971220673261216,0.9975657913526339,0.9974862440942973,0.9980896724004478,0.998739728299712,0.9987582645190873,0.9993117726163774,0.9990714847054207,0.9991906501891167,0.9992879365100897,0.9988087245088206,0.9977196375822907,0.9955006054745574,0.9938974147091313,0.9885262013913942,0.9830141096396343,0.9836187607117466,0.9852093184962992,0.9903651238888742,0.9936804570408142,0.9959838262288614,0.9970035392341247,0.9976870536199843,0.9984572266878988,0.998613496905104,0.998928208285234,0.9992480085409701,0.9993341927193292,0.9994442531391575,0.9995608815660374,0.9995905001428993,0.9996349164219508,0.9996628028567045,0.9997040147640073,0.9997185101954909,0.9997676652785188
0.18,0.6546840883193698,0.6661414284645264,0.6695302176882914,0.6846151550622528,0.6899318109778102,0.6952007266339929,0.7113781887902157,0.7226390190417982,0.7340320535261411,0.7493969473067497,0.761041298613639,0.7836568586753698,0.8044212405175225,0.8407612352269362,0.9957713722673626,0.9973598322894921,0.9980914619747707,0.998714749699422,0.9988909996261958,0.9991506504066958,0.9990780707755945,0.9993236784512252,0.999126294723685,0.9992124127035253,0.9994522333924449,0.9984334818449294,0.9979123059711192,0.9971483349506196,0.9950040157297344,0.9895083274113043,0.9837251275350306,0.9838153247552441,0.9879025226963721,0.992516791799589,0.9948192418979801,0.9963128989179474,0.9975699561865914,0.9983948896086119,0.9986487866843369,0.9989198332960261,0.9992105389536148,0.9994428868969809,0.9995269365599084,0.9995759215934603,0.9996552222664356,0.9997125970838173,0.9997125866120854,0.9997669357909835,0.9998066112634774,0.9997728920349374,0.999808132434943
0.19,0.6546872208044759,0.664623717203334,0.6747798901953893,0.6805840926237674,0.6866320022168855,0.6993059519583639,0.7053730732181063,0.7194492511793975,0.73216706916884,0.7487647920414615,0.760343239992973,0.7748441306019914,0.7934526526650308,0.8171681910494879,0.9501186096972122,0.9973739581586804,0.9981445550858901,0.9985862403056318,0.99912085389821,0.9993092944949217,0.9994881421255718,0.9995793106929256,0.9996022945748295,0.9996711836778502,0.999225190501123,0.9992212817272454,0.9982575376575479,0.9978701169060606,0.9955214519792361,0.9879240424715301,0.9840173390073079,0.9854148515971026,0.9891192337200516,0.9936428700288277,0.9957456319225525,0.9968298228100897,0.9982864754465546,0.9987920209302465,0.9990301962993688,0.999297990826937,0.9994705004714387,0.9995443091965903,0.9996579234243548,0.9996847156557331,0.9997555160631328,0.9997804067766038,0.9997852819139522,0.9998105981835981,0.9998278132072059,0.9998590343477977,0.999863286036706
0.2,0.6522917871824909,0.6658781370785702,0.6740382595119857,0.6779533431417001,0.6878627591213025,0.6949336798861877,0.7065776843449934,0.7158392274813011,0.7293846770785478,0.7380507663893214,0.7507549054217753,0.7683537806600078,0.7864916204373408,0.8014993322546875,0.8351636232107934,0.9974232691150196,0.9979768845378498,0.9989418231153383,0.9990959154398871,0.999490094517421,0.9992660585563268,0.999677901356074,0.999676274595088,0.9995039240449526,0.9986974042341077,0.9995686996089432,0.9992126534420093,0.9973220851552267,0.9955844309017279,0.9888219348789292,0.9850099553193397,0.9869006160691913,0.9918607433242921,0.9948771774975551,0.9969172144101315,0.998232309558935,0.9985519863932317,0.9988991923215089,0.9992992154181033,0.9994626473530552,0.9995497659080398,0.9996404744070663,0.999754785137889,0.9997990250879945,0.9997967906015715,0.9998247390393196,0.9998536952780409,0.9998583137918331,0.9998779572223976,0.9998774998168282,0.9998929969450019
0.21,0.6548137508073796,0.6606761472334854,0.6691291384364092,0.6777089150153819,0.6853259697970858,0.6939501430879432,0.7033617967990734,0.7132985045102929,0.7263491460371433,0.7374070915448557,0.7506722986153577,0.7661276262783516,0.7713007829012593,0.7923283400100627,0.8120124786772847,0.9412571907826676,0.9983402851587618,0.9988873604445427,0.9992374887618638,0.9995072022953686,0.9995491708757906,0.9996592635144912,0.9994417096240757,0.9993821251300232,0.9996934952516782,0.999545251257709,0.9988957289732033,0.9981433220611894,0.9963103501144529,0.988742191339653,0.9873242131483216,0.986889001227453,0.9917208761242813,0.9954147386964148,0.9977525172816819,0.9983826342208053,0.998860984973358,0.9991938004426798,0.9994037209386331,0.9995886680305484,0.9996771411509633,0.9997299283023006,0.999798814390598,0.9998370038510712,0.9998527778864801,0.9998686977389557,0.9998919860798766,0.9998926133887037,0.9999075339090302,0.9999109919189054,0.9999143838837542
0.22,0.6519385488024781,0.6634714790630039,0.6747556092736261,0.678509542633341,0.6849575909239141,0.6926229185348427,0.6981437030573243,0.7092064472345891,0.7238010804910113,0.733005473843441,0.745173853215111,0.7568284153672489,0.7717569802070512,0.7813385977852614,0.8033834299155205,0.8295286213739708,0.9977022671131118,0.9989606750659659,0.9992852104128641,0.9995762606755422,0.9995830859177712,0.9997381950122433,0.9998056479570463,0.9996481955447363,0.9995338281158833,0.9996476215130017,0.9992392311601659,0.9987315877955656,0.9962807059566575,0.9928169285662708,0.985616488315206,0.9881419114770168,0.9946319479023209,0.9971521335115842,0.9983577894839542,0.9987219280745094,0.9991730469529795,0.9994981511378681,0.9995897846211456,0.999715361374544,0.9997447241437014,0.9997859336597512,0.9998570300165983,0.9998755183988756,0.9998934398520793,0.9999000894271477,0.9999079755701642,0.9999264876589239,0.9999291537603128,0.9999274569628378,0.9999386999626424
0.23,0.6507688897367195,0.6612977991304148,0.672405711287559,0.6788575446099557,0.6845248744307166,0.6918605361985586,0.7008883783114985,0.7137755411367721,0.7187601770092125,0.7312197783329321,0.7367025888857336,0.7534939528518558,0.7640243958068116,0.779580268895063,0.7931881102967345,0.8121687007487518,0.930988456312528,0.9989204317426102,0.9992709962650214,0.9994945375638258,0.9996482270953463,0.9997875587276779,0.9997185063409301,0.9997544593028964,0.9994924255920127,0.999726852197188,0.9996072923967562,0.9991344209435882,0.9961973099008359,0.9917510600676203,0.9860871855697807,0.9910463728167495,0.9953490113190782,0.997810237422002,0.998740024745031,0.9990949918081202,0.9992671969957483,0.9995360278410725,0.9996906539664054,0.999717337680927,0.9998208520315514,0.9998677412980104,0.9998841669325508,0.9998771945934134,0.9999206477680926,0.9999342543071293,0.9999314610564163,0.9999382195326335,0.9999378711154989,0.9999526626891004,0.9999521902939442
0.24,0.6534676834767019,0.6622773641378366,0.6700293805238579,0.6758955745095709,0.6860588050546716,0.6915985977984436,0.69770181001352,0.707503399037719,0.716677715278289,0.7271255817984227,0.7324466004898064,0.7468137362715407,0.7594391688558082,0.7697027274988133,0.7824687386726382,0.8028739583602749,0.8236853178823946,0.9987500178794566,0.9993910108590611,0.9996626990009434,0.9997704108594414,0.9998204872089342,0.9998708353039947,0.9996360289996561,0.9998682259683477,0.9998504806694438,0.9993291470153645,0.999385900509053,0.9969691096064615,0.9886354271516865,0.989218732096022,0.9910483482855849,0.9968220478230755,0.9981818644278254,0.9989551734277446,0.9992825920476424,0.9994510990435288,0.9996747483412491,0.9997654136866594,0.9998274676644119,0.999850931072442,0.9998751429869808,0.9999004260069387,0.9999279551907572,0.9999255010879301,0.9999428600758187,0.999948960392782,0.9999536424953283,0.9999599855563416,0.9999608952825471,0.9999619724814817
0.25,0.652313173823847,0.6625853579910627,0.6668410317231855,0.6742527687475549,0.6824852172329903,0.6908114029142465,0.6980136819120664,0.7043889415008083,0.7135770732352156,0.7196767855418674,0.7301675960622507,0.744089916723381,0.7533621336765698,0.7681845449979183,0.7762189613204052,0.7915080478361018,0.80740370877324,0.8948477396697099,0.9990250468608926,0.9995701394430313,0.9997296568016385,0.9997994449325119,0.9998243684274435,0.9998935589677508,0.9998740848001301,0.9995645616783561,0.9990536949982524,0.9990301129474787,0.9952681657020245,0.9899943054426746,0.9906383492355835,0.9950738646891543,0.9977006709472525,0.9984310285640247,0.9992021028863263,0.9994940209269355,0.9995678742950936,0.999688175519109,0.9998060555771355,0.9998449431764677,0.9998944525961184,0.9999082830640796,0.9999313198655685,0.9999327662659427,0.9999480483944245,0.9999538171752281,0.9999595952183092,0.999962149317224,0.999963756039689,0.9999684098984323,0.9999688916526039
0.26,0.6513827389021627,0.6601240040058715,0.6658692327015415,0.6718664633145346,0.6793944136976247,0.6878781852358186,0.6944197432177405,0.7002396213502637,0.7151760325760412,0.7224531682373947,0.7283090385182673,0.7365957595313096,0.7488364182194247,0.7612490460067916,0.774503832083275,0.7839121461950269,0.8014192771657331,0.8161860857564018,0.9984552701875259,0.999598121613537,0.9997427314827924,0.9998522212629306,0.9996952772952212,0.9998859167945454,0.9998973748657919,0.9992811778267306,0.9995472295207801,0.9986565372104828,0.9963755236648015,0.9929875476433532,0.9920032549826638,0.9956885609279448,0.9983775800405793,0.9987777101453192,0.9993191667286407,0.9994333026332788,0.9996980971699264,0.9998072350780373,0.9998411110799621,0.9998569361652093,0.9999009707924211,0.9999388874797012,0.9999372114364368,0.9999490579314714,0.9999440494583917,0.9999685042720525,0.9999681624987232,0.9999744090578107,0.9999746376173977,0.9999774711841714,0.9999783583798901
0.27,0.6500040180512222,0.6645877560557613,0.6624188951176171,0.6717737123754596,0.6807092671462296,0.6870324856381971,0.6966038929527885,0.702576146326723,0.7109039817570297,0.718235296659422,0.7297628772075229,0.7342981709542091,0.7471707898918247,0.7552047053314725,0.7691258955785439,0.775642392326341,0.7889017044408997,0.8052212771396556,0.868355065559211,0.9993204232888345,0.9998220020723654,0.9998099796503495,0.9998571694049072,0.9998995161101798,0.9998203082403178,0.9995873574329994,0.9993139618366083,0.9992038614947815,0.994633376463627,0.9894530198046381,0.9914652442897516,0.996095002364482,0.998598728104907,0.9990052436426454,0.9994327480958358,0.9996171202830121,0.999720365990888,0.9997922042582594,0.9998931116399244,0.9999240842140855,0.9999306937067359,0.9999477464335376,0.9999591184048843,0.9999635475875295,0.99996466831013,0.999971832775817,0.99997394929254,0.9999808863787809,0.9999770293232684,0.9999799543952168,0.9999839337214128
0.28,0.6491999423519683,0.6617008425554907,0.6663688285347813,0.6703048197386343,0.6842541901031416,0.6880705355295592,0.6937762779591355,0.7005369790878759,0.7075433429321205,0.7164329761112436,0.7259852257841117,0.7359343376392312,0.7394586313684098,0.7532764173529196,0.7617033265930929,0.7722925392838322,0.7841937788396135,0.7943205939112747,0.8098775839163082,0.9635951744222424,0.9996011012224777,0.9998031733244627,0.9998794912525714,0.9998977283601223,0.9999103143215153,0.9999007619804248,0.9997450944613687,0.9991844891510284,0.992025702433685,0.9911587177432206,0.9961666129500761,0.9986329365270323,0.999031102315949,0.9994633514576783,0.9995608284485957,0.9997440896445685,0.9997746093528137,0.9998501164411279,0.9999079098263698,0.9999185251711904,0.9999489411617739,0.9999664482793891,0.9999639048994793,0.9999645272292839,0.9999755146653069,0.9999785001987778,0.9999821249243916,0.9999815172181498,0.9999857322381434,0.9999843795336986,0.9999852828082838
0.29,0.652836704292781,0.6639031774173394,0.6692014891010971,0.6725604859113273,0.6762913639276338,0.6830918927862265,0.6947355532031377,0.7045843715837077,0.7076685162110233,0.7143737721190664,0.7228107958366382,0.7334257100371973,0.7399637876835378,0.7501278427726968,0.7594557367682141,0.7678314067126473,0.7777400594679771,0.7895573124230892,0.8031881014337218,0.8223337826957543,0.9988230405274136,0.999790203420018,0.9998580529471143,0.9998815440205696,0.9999056753027634,0.999901308109002,0.9997591515895573,0.9969165715777886,0.9951564580835498,0.9940198317100576,0.9942493007725963,0.9982213614426072,0.9990805071501923,0.9994485452863607,0.9996289982154953,0.9997618301306901,0.9998321711210203,0.9998713102778833,0.9999287649374867,0.999930722393873,0.999960649762615,0.9999625226072617,0.9999750408079366,0.9999785499456293,0.9999815567514265,0.9999836004663631,0.9999865588854947,0.9999866304632373,0.9999893320047686,0.9999884263931603,0.999990514389058
0.3,0.648570645393802,0.6612759961743369,0.6683195778741832,0.6694219266624154,0.6799465639951598,0.6844078409762482,0.6932156935218051,0.699068512893333,0.7022428249300663,0.7115640603334568,0.7193104605681495,0.7294147421036044,0.7386112440605432,0.7436066886626617,0.757017660942085,0.7652127035961469,0.7705159413787087,0.786693595747104,0.7967959525959608,0.813646591119318,0.9347258533523674,0.9994735518610431,0.999866652384739,0.9998643328865542,0.9999129179722315,0.9993112548756837,0.9998527129832351,0.9989387722405926,0.9960797620757467,0.9902250793533949,0.9971292469409047,0.9988720895085661,0.999207289448939,0.999504628526225,0.9997249482570403,0.9998038188211862,0.9998624492123149,0.9998877150398553,0.9999510766645769,0.999949492300441,0.9999584588468409,0.9999699076509486,0.9999762411610746,0.9999807205195113,0.9999833641474872,0.9999886392712194,0.9999887921243695,0.9999897632567837,0.9999916137590479,0.9999908176916857,0.9999930828873579
0.31,0.6481688607237567,0.6612346017912161,0.665326884638912,0.6726541063208088,0.6778645513736642,0.6831691162456985,0.6904224013968875,0.6923841506138538,0.7041577951710484,0.7112599800305859,0.7160285399532512,0.7195137013479898,0.7320463835486442,0.7402037881537857,0.7525917124424749,0.7546107629281172,0.7680551200073382,0.7783729916902276,0.7934305573481228,0.8048323394922392,0.8794849234805302,0.9876796813252262,0.9998119061839004,0.9998120592877722,0.999879266415148,0.9997566750154764,0.997339797650333,0.9964170539691171,0.9919106221678433,0.9963413025884534,0.9979175402285151,0.9989387615839853,0.9994162142870527,0.9996010518857634,0.999760468799562,0.9998446379266153,0.9998218711709044,0.9999066026209039,0.999941024627533,0.9999511612159194,0.999971432410708,0.9999797157941884,0.9999830450132265,0.999985474381637,0.9999871240752501,0.9999910002402368,0.9999916589512491,0.9999920057311847,0.9999923420647361,0.9999933951571004,0.9999943831967043
0.32,0.6470051189324281,0.660878565981946,0.6645996343259962,0.6710933298894275,0.6782127878967795,0.68454342886639,0.6867050089523754,0.6961256490287472,0.6971565008986184,0.7050927392383423,0.7143735175236444,0.7242623067886147,0.7320905856279535,0.7413279483831602,0.7447680571764969,0.7558534265248159,0.7645199626112035,0.7740708940341637,0.7833315653188148,0.8009836945102625,0.8471470565100144,0.9722276325613723,0.9989351402032977,0.9997949607488664,0.9998699704466028,0.9996445503876595,0.9990318841011708,0.9937766098663732,0.9915951132982258,0.9959359681815713,0.9988731521844907,0.9992551887058004,0.9995775511477027,0.9995919445732021,0.9997325000566544,0.9997984595176957,0.9999081998550331,0.999958066165297,0.9999521582238373,0.9999682446684387,0.9999780180282141,0.9999815894854194,0.9999903265012401,0.9999865868789272,0.9999899936387363,0.9999894712499714,0.9999935163836262,0.9999947377250363,0.9999944307478017,0.9999947262576987,0.9999948039793424
0.33,0.6488700585884816,0.6600456096883482,0.6647467218046955,0.6675120813365251,0.6734120599286382,0.6795516728245474,0.689271223816132,0.6977252083386748,0.7015149696574415,0.7053604497290518,0.7177100726201986,0.7197173922768013,0.7299935645791809,0.7352826526381957,0.7463061125442858,0.7520238880447428,0.7602072142440256,0.7674392914446896,0.7819781459866662,0.7915032953381109,0.8223335385379242,0.9901401232844116,0.996707146004959,0.9995985170768776,0.99979611425656,0.9990774525027089,0.9985541389220061,0.9932337248079497,0.9949355680026267,0.9982183766976842,0.998584243966938,0.9992574281407156,0.9995840498477586,0.9996333431734886,0.9997517984190198,0.9998824516231574,0.9998993137944975,0.9999374294251699,0.9999396541672706,0.9999692138739817,0.9999881909939958,0.9999821566962614,0.9999895869324309,0.9999904541016011,0.9999928005273894,0.9999933339355994,0.9999943982233598,0.9999941073716376,0.9999960893471591,0.999996251319128,0.9999965510555621
0.34,0.6448082979071537,0.6556157661453412,0.6622667805204147,0.6665278192387808,0.6722400877751793,0.6761799139074445,0.6883463401872931,0.6967618325086418,0.6977324060913255,0.704637544599827,0.707194618152333,0.7200216334620789,0.7242429414394083,0.734767781885718,0.7376991594673048,0.7479965451278476,0.7560589955531506,0.7656106992577876,0.7800032253715917,0.783052554130757,0.8062690110440549,0.9565137582760126,0.9937655822143201,0.9989155367472178,0.9996496142599638,0.9991220864201754,0.9989872728389845,0.9961103469225719,0.9957199816622753,0.9977957633778491,0.9988813474445027,0.999384912615317,0.9996706517701112,0.9996183373085618,0.9998285888472835,0.9998617478940254,0.9999129303019119,0.9999584931833573,0.9999739592535757,0.9999603676461788,0.9999881860619884,0.9999771850447076,0.9999911145767628,0.9999920126039591,0.9999949769798799,0.9999953422799338,0.9999953975514361,0.9999964006806972,0.9999967189430643,0.9999972043572012,0.9999968276336396
0.35000000000000003,0.6476777970407774,0.6582921384964746,0.6645975698867632,0.6689471946903247,0.6754985056237809,0.6796131084771784,0.6849707571257431,0.6883435666201609,0.6956214147393973,0.704644213703704,0.7096743759298169,0.7146595074083998,0.7240680121347998,0.7312849075527416,0.737630316820739,0.7453974508268117,0.753617829699328,0.7623317717530443,0.7726277165498068,0.7808332271740615,0.7969331365216882,0.8803628281780442,0.9948892317677858,0.9980687822555752,0.9991324803889876,0.9991336793260791,0.9993961392079964,0.9960601046399337,0.9973087962622207,0.9977408683980693,0.999019948401827,0.9992132796651296,0.9996206515609547,0.9997786663423274,0.9997999162523458,0.9998475109916921,0.9999073213303872,0.9999576458003258,0.9999761136512342,0.9999762005060248,0.9999888523850011,0.9999911293109166,0.9999956366741806,0.999995202825186,0.9999959479961239,0.9999959056565269,0.9999968058007266,0.9999970740471159,0.9999969125760038,0.9999977085799385,0.9999978095202853
0.36,0.6435429433320994,0.6592985153208503,0.6668519445459594,0.6695282736937002,0.6732947523189198,0.6746681428401974,0.685153540020915,0.68914007687161,0.6968442541142617,0.7027057154408974,0.7092823919478912,0.7114582208902588,0.7177350130072273,0.7251217446637188,0.7318952780075064,0.739073896394336,0.7497384859991527,0.7582309834768495,0.7701025943836033,0.7816336202196887,0.7960683304258505,0.8195793176865109,0.9928213238970441,0.9983038799049424,0.9994951715940104,0.9995433842482211,0.999124800616166,0.9974543226008779,0.9969984721335375,0.9980208354691626,0.9989898104509123,0.9994855307493751,0.9996495880742158,0.9997663393422392,0.9998724921953798,0.9998704759338771,0.9999152310489274,0.9999727307202271,0.999978450264857,0.999982311432553,0.9999885722845111,0.999989075348525,0.9999945977036537,0.9999944356080578,0.9999963826152254,0.999997405036933,0.9999972370685573,0.9999974721194478,0.9999980105077448,0.9999981395793803,0.999998135260886
0.37,0.6453376605271423,0.6599117998435859,0.6625275100128762,0.665477388695463,0.6714033202664862,0.6794901066036273,0.6819364554296724,0.6868079799755462,0.6905323812848831,0.6992103078532864,0.7062245603836252,0.7070443863364723,0.7175605144663377,0.7228885782308537,0.7351524879718231,0.7417093156137539,0.7505588844959796,0.7582393316996555,0.7649198665754656,0.7729083204470893,0.789632441746847,0.8082128396170649,0.927384754257379,0.9984001650621984,0.999384557963805,0.9994064637225419,0.9992585671814505,0.9979979648076513,0.9977510234099055,0.9983856021741093,0.9991288619780994,0.9993477939824814,0.999746285692032,0.9997827968255223,0.9998132848322182,0.9998949983833889,0.9999373612756861,0.9999417378692227,0.9999824346412254,0.9999885687963385,0.9999935427543859,0.9999919226967748,0.9999929690511264,0.9999966667591821,0.9999969788304256,0.9999980644945488,0.9999981931553886,0.9999979294014107,0.9999984794362817,0.9999987480395868,0.9999987258618894
0.38,0.6494720553920333,0.6618553796592439,0.6655026460813672,0.6682397703191694,0.6722413964577643,0.6775869523510554,0.6829505269938445,0.6854073006565757,0.6914980930268839,0.6992496770143075,0.7022226214980399,0.7127985662048644,0.7119801402966445,0.7218344695543566,0.7296995510403116,0.739106982450471,0.7464080226975017,0.7540769738293316,0.7630454327935807,0.7755065256825984,0.786064111277598,0.7952732173061021,0.8725631118798228,0.9957363968688974,0.999526138616331,0.9994398742634788,0.9993493647287999,0.9985404848704056,0.9984523347358586,0.9983515479391935,0.9987390260436303,0.9994562606581063,0.9997187729716888,0.9998257047338299,0.9998968569026985,0.99995262529727,0.9999666438712506,0.9999695950200336,0.9999810389472505,0.9999805462392419,0.9999947245720365,0.9999937430498071,0.9999952763284101,0.9999959858626578,0.9999974804428504,0.9999977783684132,0.9999982864605357,0.9999987015736457,0.9999986115682262,0.9999989344356784,0.9999989477166201
0.39,0.6441878463465736,0.6548471894955786,0.6608264107021774,0.662374363305941,0.6698915572692469,0.6769795761203482,0.6799252332108396,0.6834728236885733,0.6900823706846485,0.6950479584248572,0.7006904468038407,0.7069523553067778,0.7147123881374117,0.7206930279778048,0.7279126376566445,0.7368848542393633,0.739756860322686,0.7563567296358457,0.7614872837400031,0.7719804050554673,0.7801246926218003,0.7915577895075796,0.8285966556919913,0.9809100274410525,0.998882924077833,0.9995370661603367,0.9991203453361642,0.9985784141569182,0.9990991752728922,0.9987997631931174,0.9990468730988633,0.9995357714101116,0.9996434476799368,0.9997920227090782,0.9999237221157902,0.9999318918802065,0.9999576495760245,0.9999782097919372,0.9999743248432635,0.9999909756437549,0.9999941609116648,0.9999954426198732,0.9999964219323164,0.9999977709861753,0.9999984116944131,0.9999988589989867,0.9999989343026785,0.9999990324380729,0.9999991279291022,0.9999990637357069,0.9999991390979147
0.4,0.6363637778645421,0.6594230243303478,0.6598111980901702,0.6589773393403029,0.6712780178017944,0.6759704284654484,0.6777318248569764,0.6853649350274678,0.6934662356257466,0.6945729894516868,0.6998753398653064,0.7054535634835026,0.7108073831392152,0.7216367811098248,0.72824585597508,0.7357826398359181,0.7404811754549254,0.7472266882380032,0.7602571429331391,0.7720512012320853,0.7800494612967144,0.7895070093680454,0.8091796311882966,0.9217090388696801,0.997339909907286,0.9988793294140844,0.9991891903217119,0.9987979383044561,0.998824413770253,0.9985218008154215,0.998784087149731,0.999416420724901,0.9996738241053406,0.9997336153127432,0.9998762135195189,0.999918332810253,0.9999814099870464,0.9999735555942257,0.9999681492070275,0.999992808476202,0.9999944317890144,0.999990587917473,0.9999962517728498,0.9999982842555422,0.9999987803284351,0.9999985728703251,0.9999988607002909,0.9999990677899117,0.9999992141436422,0.99999932355495,0.9999993259283579
0.41000000000000003,0.6452245706325462,0.6600033223114388,0.6585598497911258,0.6646983009809453,0.6684407538601558,0.674955328941733,0.6785035549384296,0.6825453003552748,0.6874313092840938,0.6930247357570345,0.6969922474718766,0.7101861203416819,0.7119556914257764,0.7178274443714419,0.7237533642161944,0.732471711762859,0.7425699299887196,0.7491574627744392,0.7582730426951736,0.7661365079799403,0.7773379867636178,0.786484579425655,0.7986360964603798,0.8347767403698118,0.9939733611806467,0.9992417399188905,0.9992502775363168,0.9983547882308569,0.9985774509513053,0.9990233017785007,0.9990118901992634,0.9995355749050718,0.9997411722902554,0.9998559967359035,0.999889066960465,0.999933074592143,0.9999811104639331,0.9999846015803519,0.999983512809431,0.9999937863479185,0.9999978727139064,0.9999974264333416,0.9999983109417819,0.9999967199010349,0.9999984781302501,0.9999991334891749,0.999999392408556,0.9999993039553111,0.999999259423587,0.9999995894960604,0.9999995851401499
0.42,0.6412980920367579,0.6513616524934425,0.6614787979565098,0.6633544267031426,0.6686203117190326,0.6780109210099744,0.6780861435256617,0.6809187651062769,0.6900643089935476,0.6914092104183656,0.6941035826668729,0.703436021379417,0.7105997124010683,0.7189267838284273,0.721466343406567,0.7286309536824964,0.7394138772622982,0.7500038318500599,0.7551270097844501,0.7643599921124155,0.7692312904189887,0.7799669295289696,0.7963820214617746,0.8170187488013516,0.9324906845317973,0.9980771137008088,0.9993218861359411,0.9988688751399069,0.9986305459354398,0.9985994096090154,0.9992191107416553,0.9995565001347726,0.9997715716564853,0.9998127762749162,0.9999145520713011,0.9999612072111486,0.9999729830325398,0.999976900474022,0.9999886007448474,0.9999950973589435,0.9999948433162255,0.9999963175833102,0.9999982421878159,0.9999987168163695,0.9999993275039802,0.9999993696219462,0.9999995351822412,0.9999995852224064,0.9999995932969871,0.9999996271173706,0.9999996323143845
0.43,0.6415940760159836,0.6525343029235124,0.6565873591060212,0.6648976177682282,0.6669890278520424,0.6721443157609959,0.6752423238438932,0.6826765052843069,0.689249062011241,0.6873759516829886,0.6952056902323337,0.7016100237554241,0.705855520183251,0.7185374510880875,0.727016419409226,0.7286711997703902,0.7338512268245573,0.7444344077772271,0.7514353023108937,0.759594765609259,0.7641087757469733,0.7771485309492843,0.7878963075739241,0.8039160264124042,0.8436006884012063,0.9978047832580508,0.999496445446,0.999209931312425,0.9993345605826474,0.9989905445539924,0.9992722492200399,0.999625785222914,0.9997893106011165,0.9998785543428518,0.9999136843959823,0.9999603718710894,0.9999720698605472,0.9999792375725507,0.9999849424626619,0.9999958827943056,0.9999978047772599,0.999998050917682,0.9999974053965539,0.999998892490335,0.9999992893482508,0.9999994852139474,0.9999992079647294,0.9999996113916765,0.9999996467013311,0.9999997281247065,0.9999997550655095
0.44,0.6374457952201894,0.6548703319517882,0.6583910859025268,0.6589142613453626,0.6648394156150255,0.6745404847886411,0.6755602617591747,0.6765032302694325,0.6920467642044632,0.6956721362524609,0.6979465925412426,0.7013608632975705,0.7097423516545847,0.7178037729495209,0.724957154684909,0.7252077436859918,0.732409241772478,0.7430203820370009,0.7529254878496753,0.7552693152157096,0.7683153529621558,0.7713121243621458,0.7834618074779199,0.7955831190403347,0.8187367127743463,0.9875329524040456,0.9996657736896069,0.9991825562726697,0.9988840166147973,0.9988932918457094,0.9989715843917379,0.9996318322347924,0.9997608887591614,0.9999028656428551,0.9998429923959756,0.9999493390197521,0.9999821974147014,0.9999857533423011,0.999990832394146,0.9999969010777401,0.9999948056481595,0.9999976829393489,0.9999988748972859,0.9999991111826498,0.9999990266184199,0.999999620226613,0.9999995214639075,0.9999994431319349,0.9999997096175347,0.9999997633945144,0.9999997040632135
0.45,0.6401155372053455,0.6540501318297348,0.6573216707606806,0.6647773664832759,0.6661307802649551,0.6688521513380798,0.6762559691459534,0.6812032227998817,0.6874267589767816,0.6895360673343629,0.7010036424078242,0.703234558718936,0.7098535530584177,0.7156745899189414,0.7238531332647783,0.7288549783625731,0.7333658505925297,0.743683881218838,0.7470130093615472,0.7584031466378383,0.7645298844702108,0.7698200805774574,0.7794111465692299,0.7948269856820162,0.8093701274756168,0.8999994062866253,0.9978910323891768,0.9992802562795111,0.9989125392210253,0.9990929019851125,0.9993595237199422,0.9993073948385804,0.9998813178243582,0.9998694432473835,0.999909666721295,0.9999629083909498,0.9999415241949026,0.9999952528425728,0.9999977107658904,0.9999966581017385,0.9999938804595004,0.9999980228189745,0.9999991209782554,0.9999993895300527,0.999999289724202,0.9999997250181905,0.9999995775426263,0.9999997217479235,0.9999998360923401,0.9999997734856001,0.9999998177210128
0.46,0.6351602123900753,0.6520775292382215,0.6575862349487995,0.6589228071283031,0.6629625723554129,0.669988178663959,0.6760229052985556,0.6809007652048823,0.6813361819433885,0.692317763878107,0.6970270710362765,0.7003748431935312,0.7069245512754658,0.7136910194959224,0.7213142584251492,0.727414948218503,0.7280796418174666,0.7381739038327041,0.7419638639398072,0.7542487716838153,0.7627981436783762,0.7693383802757728,0.7787353566792716,0.7908369317288274,0.8027391912170213,0.8451737086952027,0.9902975428654959,0.9995064898225848,0.9995880967086505,0.9992935939044457,0.9995469401385929,0.9997042901660758,0.9998041070482125,0.9998726081008966,0.9999441886750624,0.9999605773281619,0.9999849004381881,0.9999765228695601,0.9999956158770568,0.9999974641971878,0.9999984112005171,0.9999990483765465,0.9999992558898125,0.9999994695331045,0.999999504247873,0.9999996736864695,0.9999997388154862,0.9999998471632068,0.9999998626319015,0.9999998497432756,0.9999998344097021
0.47000000000000003,0.637641794365745,0.6518168028991708,0.656533346790624,0.6617616312379805,0.6687751579368685,0.6696806161370827,0.6802359629549416,0.6761076576040373,0.6851577822543176,0.6927741555244051,0.6949553035629542,0.6995227691073269,0.7086431378781709,0.7113421711996408,0.7156744088905447,0.7257606052328246,0.7325395068290463,0.741231291298148,0.7421050953816837,0.7487565073018194,0.7548063380056992,0.7617336624413165,0.7726542175588563,0.7854542308707039,0.7955751110905338,0.815791530807599,0.9475292242839355,0.9990972023981207,0.9992332964572717,0.9993876206899032,0.9996180953374157,0.9994047069892604,0.9997599257625728,0.9999069995356702,0.999955303009156,0.9999741964770962,0.9999788274041184,0.9999849642121493,0.9999973023962369,0.9999932018561136,0.999999297631183,0.9999950905616227,0.9999993969466703,0.9999996745613412,0.9999995533677695,0.999999778673222,0.9999998102197001,0.999999863766919,0.999999835394816,0.9999998918781821,0.9999998891147779
0.48,0.6386156751453251,0.6530204085143361,0.6551628298725043,0.6603159779438028,0.6655804041615703,0.6668136344291297,0.678395496068086,0.6856158001397104,0.6927394084735685,0.6902068015493596,0.69008354088795,0.7042976063264836,0.7074144619173474,0.7115501012054177,0.7178980588750159,0.7201632904505777,0.7282074661380042,0.7363244839438259,0.7415546854461197,0.7437982621338834,0.7580732240740478,0.757381884833441,0.7652983365648355,0.7757753958603617,0.7918421721603696,0.808613143593426,0.856199296075341,0.9995273714816895,0.9991793220379321,0.9992780032497889,0.9995382484901658,0.9996059946642329,0.9997877574972776,0.9998875466191782,0.9999472220442629,0.9999708492592772,0.9999718293902378,0.9999947125010124,0.9999921563210302,0.9999977032092507,0.9999979936653768,0.9999995557555936,0.9999989940053785,0.9999994319631067,0.9999998368158801,0.9999984441823223,0.9999999003513874,0.9999998917464984,0.9999999026611421,0.9999999242626902,0.9999998925353699
0.49,0.6357150427922681,0.651095306954692,0.6579916871196188,0.661226020919795,0.6687107822014645,0.667387260712075,0.6784455639030981,0.6822849825497201,0.6883407659967162,0.6883742367403075,0.6915389719271876,0.697555636568612,0.707733760942016,0.711202921901358,0.7177243327384527,0.719757202703142,0.724718956488505,0.7338287780071323,0.7330756611029818,0.7509248647183557,0.7498452451907902,0.7621917665993363,0.7706751647088967,0.7729893075998222,0.7872180125048043,0.7953870346843471,0.8200223135143588,0.9948543523146333,0.9992310787842948,0.9995200089467158,0.9995606070751857,0.9996585888689676,0.9998155135883398,0.9998668677025326,0.9999429394829649,0.999978195457501,0.9999769220936887,0.9999954697101616,0.9999980181798385,0.9999966570794516,0.9999991449234283,0.9999995577239374,0.9999995546171391,0.9999997866928249,0.9999997663242789,0.9999998648390813,0.9999998759190273,0.9999999153815387,0.9999999013318789,0.9999999503161885,0.9999999245242019
0.5,0.6368857736971664,0.655165921572993,0.6583553835903324,0.6606795064272057,0.666518513646167,0.6701119591090243,0.6832483273968353,0.6816926375969244,0.6863043687680712,0.6925203666384103,0.6922848274468636,0.701158095907418,0.7060059983874596,0.7078696097373017,0.7116335851174436,0.7160447681249209,0.7262090760506814,0.7262803526377761,0.7394803887242111,0.7442855455478451,0.7464946985256024,0.7517141109574901,0.7619307940285881,0.7688227554913312,0.7840653625459295,0.7961953574171583,0.8097164911018199,0.9010065466693493,0.9993627394609417,0.9993219898528218,0.9994548380871798,0.9997742806340734,0.9998136066900358,0.9998128591155719,0.9999235559853087,0.9999805673355521,0.9999880861322419,0.9999912911712941,0.9999967682146474,0.999998902552129,0.9999979230483463,0.9999995452579291,0.9999996476805111,0.9999996293920084,0.999999881864426,0.9999996242549682,0.9999999113589967,0.9999999359831456,0.9999999359080425,0.9999999415278629,0.999999939902267
