avg_num_communities,avg_modularity,epsilon,mu
3.4,0.0015005495986477586,0.0,0.0
3.2,0.0012005999993988448,0.0,0.01
2.2,0.0006003751499247524,0.0,0.02
1.6,0.0003002000999999167,0.0,0.03
1.6,0.0003002000999999167,0.0,0.04
1.8,0.0005003000998997193,0.0,0.05
2.8,0.0010005250495741262,0.0,0.06
2.0,0.0008003498994490484,0.0,0.07
2.8,0.001200424648873132,0.0,0.08
1.2,0.000100075050025014,0.0,0.09
2.6,0.0008004500997494489,0.0,0.1
2.0,0.0005003502000499447,0.0,0.11
2.2,0.0006004252500749587,0.0,0.12
2.6,0.0008004751498245299,0.0,0.13
2.4,0.000800475149824555,0.0,0.14
2.0,0.0005003502000499447,0.0,0.15
2.8,0.0009005251497744629,0.0,0.16
2.4,0.0008003749495241203,0.0,0.17
2.2,0.000700400099799541,0.0,0.18
2.2,0.0007004251498746664,0.0,0.19
2.8,0.0010005751497243324,0.0,0.2
2.2,0.0007004501999497472,0.0,0.21
2.2,0.0006004001999998334,0.0,0.22
2.6,0.0010005500996492322,0.0,0.23
2.2,0.0008001494988482205,0.0,0.24
2.2,0.0006004001999998334,0.0,0.25
2.6,0.0009004249494740536,0.0,0.26
2.2,0.0006004001999998334,0.0,0.27
3.4,0.0013005748491234687,0.0,0.28
2.0,0.0006003751499247332,0.0,0.29
2.0,0.0005003502000499447,0.0,0.3
2.0,0.000600325049774527,0.0,0.31
2.2,0.0006003751499247524,0.0,0.32
3.2,0.0011006251496742405,0.0,0.33
2.4,0.0008004250496743487,0.0,0.34
2.4,0.0007004000997995159,0.0,0.35000000000000003
2.0,0.0005003502000499447,0.0,0.36
2.0,0.000600325049774527,0.0,0.37
2.0,0.0005002750498246132,0.0,0.38
1.8,0.0005002750498246383,0.0,0.39
2.4,0.0007004251498746412,0.0,0.4
2.4,0.0007004501999497665,0.0,0.41000000000000003
3.2,0.0012005498992486384,0.0,0.42
1.6,0.000300225150075042,0.0,0.43
2.6,0.000900500099699363,0.0,0.44
2.0,0.0005003502000499447,0.0,0.45
1.8,0.00040022504987472445,0.0,0.46
3.0,0.0010004999994990423,0.0,0.47000000000000003
2.2,0.0006004001999998334,0.0,0.48
2.4,0.0008003999995992456,0.0,0.49
2.0,0.0005003502000499448,0.0,0.5
1.8,0.0004002751500249307,0.01,0.0
3.0,0.0010006001997994326,0.01,0.01
2.4,0.0007004251498746412,0.01,0.02
3.2,0.001500499498497558,0.01,0.03
2.0,0.00050037525012507,0.01,0.04
2.8,0.0009005251497744629,0.01,0.05
2.2,0.0008002997992988583,0.01,0.06
2.6,0.0008003749495241396,0.01,0.07
1.4,0.000200150100050028,0.01,0.08
2.4,0.0009004499995491373,0.01,0.09
3.0,0.001000449899348836,0.01,0.1
1.6,0.0003002000999999167,0.01,0.11
3.0,0.0012004997990984353,0.01,0.12
2.2,0.0006003500998496272,0.01,0.13
3.0,0.00100039979919863,0.01,0.14
2.8,0.0009005000996993376,0.01,0.15
1.8,0.000400300200100056,0.01,0.16
3.4,0.0014004995986978221,0.01,0.17
1.6,0.0003002000999999167,0.01,0.18
3.2,0.001200549899248661,0.01,0.19
2.8,0.0009005501998495438,0.01,0.2
3.4,0.0013004245486728278,0.01,0.21
2.2,0.000700400099799541,0.01,0.22
2.8,0.00110047484922365,0.01,0.23
2.2,0.0007003249495742316,0.01,0.24
3.4,0.0013005497990483655,0.01,0.25
2.4,0.0008005001998996359,0.01,0.26
2.4,0.0007004752500248474,0.01,0.27
2.0,0.000600325049774527,0.01,0.28
2.4,0.0008004751498245106,0.01,0.29
2.2,0.0009004499995491433,0.01,0.3
2.6,0.0008004751498245299,0.01,0.31
2.8,0.001000525049574126,0.01,0.32
2.0,0.000600325049774527,0.01,0.33
1.8,0.0004002751500249307,0.01,0.34
2.4,0.0008003999995992456,0.01,0.35000000000000003
3.2,0.0012006250494739257,0.01,0.36
2.0,0.0005002750498246132,0.01,0.37
2.8,0.0010004248492737357,0.01,0.38
2.2,0.0006002999996994431,0.01,0.39
2.6,0.0012000301101903086,0.01,0.4
2.2,0.0008003749495241455,0.01,0.41000000000000003
2.4,0.0008005001998996359,0.01,0.42
2.0,0.000600325049774527,0.01,0.43
2.0,0.0005003502000499447,0.01,0.44
2.6,0.0009004750496242376,0.01,0.45
2.6,0.0010003747491235356,0.01,0.46
2.0,0.0006004001999998585,0.01,0.47000000000000003
3.4,0.001200625049473945,0.01,0.48
2.2,0.0006004252500749587,0.01,0.49
2.2,0.0006003751499247081,0.01,0.5
2.0,0.0008001995989984579,0.02,0.0
2.6,0.0009004499995491343,0.02,0.01
2.0,0.0006003500998496523,0.02,0.02
2.4,0.0007004501999497221,0.02,0.03
1.4,0.0002001250499749027,0.02,0.04
2.4,0.0007003499996493318,0.02,0.05
2.8,0.0009004750496242345,0.02,0.06
2.0,0.0005003251499748195,0.02,0.07
2.6,0.0008004500997494711,0.02,0.08
3.0,0.0010003997991986297,0.02,0.09
2.4,0.0007003750497244349,0.02,0.1
2.6,0.0010004248492737418,0.02,0.11
2.0,0.0005003251499748195,0.02,0.12
2.6,0.0009005251497744436,0.02,0.13
2.6,0.0008005001998996552,0.02,0.14
2.2,0.000700400099799541,0.02,0.15
2.2,0.0006003500998496272,0.02,0.16
3.4,0.0015001988975963593,0.02,0.17
1.8,0.0004002751500249307,0.02,0.18
2.4,0.0009003748493238532,0.02,0.19
2.4,0.0007004251498746412,0.02,0.2
3.2,0.0012005248491735575,0.02,0.21
2.6,0.0008004250496743458,0.02,0.22
1.4,0.000200150100050028,0.02,0.23
2.4,0.0007004501999497221,0.02,0.24
2.4,0.0008005001998996359,0.02,0.25
1.8,0.000400300200100056,0.02,0.26
2.0,0.0005003502000499447,0.02,0.27
2.4,0.0007004501999497221,0.02,0.28
2.4,0.0008004500997494297,0.02,0.29
1.2,0.00020009999989980257,0.02,0.3
2.2,0.0006003500998496272,0.02,0.31
2.2,0.0006003500998496272,0.02,0.32
2.8,0.0009005501998495438,0.02,0.33
2.0,0.00050037525012507,0.02,0.34
3.0,0.0010006001997994326,0.02,0.35000000000000003
2.0,0.0005003502000499447,0.02,0.36
2.0,0.0006003751499247332,0.02,0.37
3.2,0.0012003244485727105,0.02,0.38
2.2,0.0006003751499247524,0.02,0.39
2.6,0.0010004248492737418,0.02,0.4
3.0,0.0010004999994990423,0.02,0.41000000000000003
2.2,0.0006003751499247524,0.02,0.42
2.4,0.000900349799248747,0.02,0.43
1.8,0.0004002751500249307,0.02,0.44
1.4,0.0002001250499749027,0.02,0.45
2.0,0.0005003000998997384,0.02,0.46
2.2,0.0006003500998496272,0.02,0.47000000000000003
2.2,0.0007004501999497472,0.02,0.48
1.6,0.000300225150075042,0.02,0.49
2.4,0.0009003998993989311,0.02,0.5
1.2,0.000100075050025014,0.03,0.0
2.2,0.0007004251498746219,0.03,0.01
2.0,0.0005003502000499447,0.03,0.02
3.0,0.0010005500996492487,0.03,0.03
2.0,0.0005003502000499447,0.03,0.04
2.6,0.0008005252499747361,0.03,0.05
2.2,0.0006004001999998334,0.03,0.06
2.4,0.0008003749495241203,0.03,0.07
1.8,0.000500249999749513,0.03,0.08
2.4,0.0007004000997995159,0.03,0.09
2.4,0.0007004501999497664,0.03,0.1
2.0,0.0007003750497244661,0.03,0.11
1.8,0.0005002750498246383,0.03,0.12
2.6,0.0008004250496743238,0.03,0.13
2.2,0.0007004251498746219,0.03,0.14
3.0,0.0011006000995991403,0.03,0.15
1.6,0.0003002000999999167,0.03,0.16
1.4,0.000200150100050028,0.03,0.17
3.0,0.0011004497991485437,0.03,0.18
1.2,0.00020009999989980257,0.03,0.19
3.0,0.0010005500996492264,0.03,0.2
1.8,0.00040022504987472445,0.03,0.21
2.8,0.000900550199849544,0.03,0.22
2.4,0.0008004500997494297,0.03,0.23
2.8,0.0009005752499246248,0.03,0.24
2.2,0.0007003499996493347,0.03,0.25
2.6,0.0011004748492236306,0.03,0.26
3.4,0.0012004747490233483,0.03,0.27
1.6,0.0004001999997996243,0.03,0.28
2.4,0.0008003498994490396,0.03,0.29
2.4,0.0008003248493739585,0.03,0.3
2.6,0.001000374749123555,0.03,0.31
2.0,0.000600325049774527,0.03,0.32
2.2,0.0007003750497244157,0.03,0.33
2.4,0.0007004752500248474,0.03,0.34
2.2,0.0007004251498746219,0.03,0.35000000000000003
2.8,0.0010004248492737357,0.03,0.36
3.2,0.0011005750495240562,0.03,0.37
2.0,0.0005003251499748195,0.03,0.38
3.0,0.0012003244485727135,0.03,0.39
3.0,0.0012005248491735385,0.03,0.4
3.0,0.0011001241481722033,0.03,0.41000000000000003
2.4,0.0007004000997995159,0.03,0.42
2.4,0.0009004750496242183,0.03,0.43
1.8,0.0006002498995492428,0.03,0.44
2.2,0.0007004251498746219,0.03,0.45
2.4,0.0008003498994490396,0.03,0.46
2.8,0.0009003748493238442,0.03,0.47000000000000003
2.6,0.0009004750496242596,0.03,0.48
2.2,0.0006004001999998334,0.03,0.49
1.8,0.000400300200100056,0.03,0.5
1.2,0.000100075050025014,0.04,0.0
1.4,0.000200150100050028,0.04,0.01
2.2,0.0006004001999998334,0.04,0.02
2.2,0.0006003751499247081,0.04,0.03
3.6,0.0015003241479718274,0.04,0.04
2.4,0.0007004251498746412,0.04,0.05
2.0,0.000600274949624343,0.04,0.06
2.6,0.0008005001998996552,0.04,0.07
2.2,0.000700400099799541,0.04,0.08
1.4,0.000200150100050028,0.04,0.09
2.2,0.0008004250496743297,0.04,0.1
2.8,0.0009005501998495438,0.04,0.11
1.6,0.000300225150075042,0.04,0.12
1.8,0.000400300200100056,0.04,0.13
2.2,0.0008004500997494549,0.04,0.14
2.4,0.0007004251498746412,0.04,0.15
2.8,0.0009005251497744629,0.04,0.16
2.2,0.0006004001999998334,0.04,0.17
2.4,0.0007004000997995159,0.04,0.18
2.8,0.0011005499994489367,0.04,0.19
1.8,0.000600350099849633,0.04,0.2
2.8,0.0009005000996993598,0.04,0.21
3.4,0.001200675149624129,0.04,0.22
2.4,0.0008004250496743487,0.04,0.23
3.0,0.0015001550599649189,0.04,0.24
2.8,0.0010004749494239421,0.04,0.25
3.4,0.001500474448422452,0.04,0.26
1.8,0.00040022504987472445,0.04,0.27
2.8,0.0009002746490234095,0.04,0.28
2.2,0.0007004251498746219,0.04,0.29
2.4,0.0008004250496743487,0.04,0.3
2.8,0.0009005501998495438,0.04,0.31
3.4,0.0012005749493237386,0.04,0.32
2.4,0.0007003750497244349,0.04,0.33
2.4,0.0008003999995992456,0.04,0.34
2.8,0.0011004247490734244,0.04,0.35000000000000003
1.6,0.0004002250498747053,0.04,0.36
3.4,0.0014005747489231539,0.04,0.37
2.8,0.0009005000996993598,0.04,0.38
2.6,0.001000474949423923,0.04,0.39
2.4,0.000800475149824555,0.04,0.4
3.2,0.00110052494937385,0.04,0.41000000000000003
2.6,0.0008005001998996552,0.04,0.42
2.4,0.0009004249494740343,0.04,0.43
2.6,0.0009004750496242596,0.04,0.44
1.4,0.000200150100050028,0.04,0.45
3.2,0.0012005498992486386,0.04,0.46
2.6,0.0008004500997494489,0.04,0.47000000000000003
2.6,0.0008004500997494711,0.04,0.48
2.2,0.0006003500998496272,0.04,0.49
2.6,0.0009004750496242376,0.04,0.5
2.2,0.0007003249495742316,0.05,0.0
1.2,0.000100075050025014,0.05,0.01
1.4,0.000200150100050028,0.05,0.02
2.4,0.0007003750497244571,0.05,0.03
2.8,0.001200424648873154,0.05,0.04
2.8,0.0011004497991485497,0.05,0.05
2.4,0.0007004251498746412,0.05,0.06
2.8,0.0009005251497744185,0.05,0.07
1.8,0.000400300200100056,0.05,0.08
3.0,0.0011006000995991403,0.05,0.09
2.4,0.0008003248493739585,0.05,0.1
2.4,0.0007002748494240446,0.05,0.11
1.8,0.0004002751500249307,0.05,0.12
2.6,0.0009004499995491343,0.05,0.13
2.4,0.0007003499996493318,0.05,0.14
2.2,0.0006001997993990306,0.05,0.15
3.2,0.001200599999398845,0.05,0.16
2.6,0.0008004751498245299,0.05,0.17
2.4,0.0007002748494240446,0.05,0.18
2.4,0.0008003999995992234,0.05,0.19
2.4,0.0008003999995992459,0.05,0.2
2.4,0.0007003499996493318,0.05,0.21
2.0,0.0005003251499748194,0.05,0.22
2.4,0.0009003247491736217,0.05,0.23
2.6,0.0009005501998495246,0.05,0.24
3.4,0.0013005748491234463,0.05,0.25
1.8,0.0004002751500249307,0.05,0.26
3.2,0.0011005750495240562,0.05,0.27
2.0,0.0005002750498246132,0.05,0.28
2.8,0.001100499899298756,0.05,0.29
2.4,0.0007003499996493318,0.05,0.3
2.0,0.0006004001999998585,0.05,0.31
2.8,0.0009003998993989473,0.05,0.32
3.4,0.001500624748873046,0.05,0.33
1.8,0.0004002751500249307,0.05,0.34
3.0,0.0013994788081375382,0.05,0.35000000000000003
1.6,0.0003002000999999167,0.05,0.36
1.6,0.000300225150075042,0.05,0.37
3.6,0.0013006750494238336,0.05,0.38
3.0,0.0010004999994990423,0.05,0.39
2.4,0.0007004501999497221,0.05,0.4
1.4,0.000200150100050028,0.05,0.41000000000000003
2.8,0.0009005000996993598,0.05,0.42
2.6,0.0009004249494740533,0.05,0.43
2.4,0.0007004000997995159,0.05,0.44
3.4,0.001300474648823034,0.05,0.45
2.4,0.0007004251498746412,0.05,0.46
2.8,0.0009005251497744185,0.05,0.47000000000000003
2.4,0.000900399899398934,0.05,0.48
2.6,0.0008004250496743458,0.05,0.49
2.8,0.0009004249494740282,0.05,0.5
1.6,0.0004001999997996243,0.06,0.0
1.4,0.000200150100050028,0.06,0.01
2.0,0.000600325049774527,0.06,0.02
1.4,0.000200150100050028,0.06,0.03
2.4,0.0007003499996493318,0.06,0.04
2.2,0.0006004001999998334,0.06,0.05
3.8,0.0014004494985476322,0.06,0.06
3.6,0.0013005497990483624,0.06,0.07
3.0,0.0012004997990984576,0.06,0.08
2.6,0.000900324749173641,0.06,0.09
2.4,0.0009004249494740343,0.06,0.1
1.8,0.000400300200100056,0.06,0.11
2.6,0.00080047514982453,0.06,0.12
1.6,0.0003002000999999167,0.06,0.13
3.2,0.0012005999993988446,0.06,0.14
2.4,0.0007004501999497665,0.06,0.15
2.2,0.000700400099799541,0.06,0.16
2.4,0.0007004501999497221,0.06,0.17
3.0,0.0010003246489732984,0.06,0.18
2.4,0.0007004501999497221,0.06,0.19
2.8,0.0009005000996993598,0.06,0.2
3.4,0.0012004997990984736,0.06,0.21
2.4,0.0008003999995992456,0.06,0.22
2.6,0.0008004751498245299,0.06,0.23
1.6,0.000300225150075042,0.06,0.24
2.2,0.0006003751499247524,0.06,0.25
1.8,0.0004002751500249307,0.06,0.26
3.2,0.0014005997989982601,0.06,0.27
3.0,0.001100474849223669,0.06,0.28
1.8,0.0004002751500249307,0.06,0.29
3.6,0.0013004746488230086,0.06,0.3
2.4,0.0007004251498746412,0.06,0.31
2.4,0.0007004501999497221,0.06,0.32
1.6,0.000300225150075042,0.06,0.33
1.8,0.0004002751500249307,0.06,0.34
2.0,0.0005003502000499447,0.06,0.35000000000000003
2.2,0.0006004252500749587,0.06,0.36
2.2,0.0007002748494240254,0.06,0.37
1.8,0.00040022504987472445,0.06,0.38
1.6,0.0003002000999999167,0.06,0.39
2.0,0.0005003502000499448,0.06,0.4
2.4,0.0008003999995992456,0.06,0.41000000000000003
2.8,0.0009004249494740726,0.06,0.42
2.0,0.0005003502000499447,0.06,0.43
1.8,0.0004002751500249307,0.06,0.44
1.6,0.000300225150075042,0.06,0.45
2.2,0.0006002749496243178,0.06,0.46
2.0,0.0005003502000499447,0.06,0.47000000000000003
3.0,0.0010006001997994326,0.06,0.48
2.0,0.0006003751499247332,0.06,0.49
1.8,0.000700199699198725,0.06,0.5
1.4,0.000200150100050028,0.07,0.0
1.8,0.0004002751500249307,0.07,0.01
1.2,0.000100075050025014,0.07,0.02
1.8,0.0004002751500249307,0.07,0.03
2.2,0.000700400099799541,0.07,0.04
2.6,0.0008005001998996552,0.07,0.05
2.0,0.000600325049774527,0.07,0.06
3.8,0.0016005244483723602,0.07,0.07
4.2,0.0017003239475712115,0.07,0.08
3.0,0.001300524748973249,0.07,0.09
2.0,0.0005003000998997384,0.07,0.1
2.4,0.0007004000997995159,0.07,0.11
2.4,0.0007004000997995159,0.07,0.12
2.8,0.0009005000996993376,0.07,0.13
2.2,0.000700400099799541,0.07,0.14
2.4,0.0008003999995992456,0.07,0.15
2.6,0.0010003747491235356,0.07,0.16
1.8,0.0005003000998997193,0.07,0.17
2.4,0.0008003749495241203,0.07,0.18
1.8,0.0004002751500249307,0.07,0.19
3.0,0.0010004999994990423,0.07,0.2
3.0,0.001100549999448934,0.07,0.21
3.2,0.0013005998991985526,0.07,0.22
1.8,0.0004002751500249307,0.07,0.23
2.8,0.0010004749494239421,0.07,0.24
1.6,0.000300225150075042,0.07,0.25
2.2,0.0006003751499247524,0.07,0.26
2.2,0.0006004001999998334,0.07,0.27
3.2,0.0012004747490233514,0.07,0.28
2.4,0.0007004251498746412,0.07,0.29
2.6,0.0008004751498245299,0.07,0.3
1.8,0.0005002750498246382,0.07,0.31
2.2,0.0006003500998496272,0.07,0.32
3.0,0.0011004497991485437,0.07,0.33
2.6,0.000900124348572816,0.07,0.34
2.0,0.0005003251499748194,0.07,0.35000000000000003
2.4,0.0008004250496743487,0.07,0.36
3.0,0.0012005248491735606,0.07,0.37
1.8,0.0004002751500249307,0.07,0.38
2.2,0.0006003751499247525,0.07,0.39
2.0,0.0005003000998997385,0.07,0.4
1.8,0.0005003000998997193,0.07,0.41000000000000003
1.8,0.000500249999749513,0.07,0.42
2.0,0.0005003251499748195,0.07,0.43
3.0,0.0010004999994990423,0.07,0.44
1.2,0.000100075050025014,0.07,0.45
2.4,0.0007004752500248474,0.07,0.46
2.2,0.0006003751499247524,0.07,0.47000000000000003
3.0,0.0010006001997994326,0.07,0.48
3.8,0.0017003740477214238,0.07,0.49
2.8,0.0009004249494740282,0.07,0.5
1.6,0.0003002000999999167,0.08,0.0
1.4,0.0002001250499749027,0.08,0.01
2.0,0.0005002249496744291,0.08,0.02
1.2,0.000100075050025014,0.08,0.03
1.4,0.000200150100050028,0.08,0.04
1.4,0.09928361795228666,0.08,0.05
3.2,0.19989899809719636,0.08,0.06
5.0,0.003098061775489244,0.08,0.07
4.8,0.0019002986970954928,0.08,0.08
5.0,0.002500022545067566,0.08,0.09
2.8,0.0009004249494740726,0.08,0.1
2.2,0.0007003499996493347,0.08,0.11
1.8,0.0005003251499748445,0.08,0.12
2.2,0.0006002999996994431,0.08,0.13
2.0,0.0005003000998997384,0.08,0.14
2.2,0.0006004252500749587,0.08,0.15
1.8,0.0005003000998997193,0.08,0.16
3.0,0.0010005250495741676,0.08,0.17
1.4,0.000200150100050028,0.08,0.18
2.8,0.0009005000996993376,0.08,0.19
1.0,0.0,0.08,0.2
1.6,0.0003001499998497105,0.08,0.21
1.8,0.0006002999996994269,0.08,0.22
3.0,0.0010005500996492264,0.08,0.23
2.8,0.0011003495988481122,0.08,0.24
2.8,0.0010004749494239421,0.08,0.25
1.8,0.0006002498995492428,0.08,0.26
2.8,0.0009005501998495438,0.08,0.27
2.0,0.0005003502000499447,0.08,0.28
3.0,0.0013003744485226084,0.08,0.29
2.4,0.0007003499996493318,0.08,0.3
3.2,0.0011006501997493211,0.08,0.31
2.8,0.0010004749494239421,0.08,0.32
2.6,0.001100274448622831,0.08,0.33
2.0,0.0005003502000499447,0.08,0.34
3.2,0.0011006251496742405,0.08,0.35000000000000003
2.8,0.0010005751497243324,0.08,0.36
3.2,0.0013005497990483464,0.08,0.37
3.6,0.001300524748973215,0.08,0.38
2.8,0.0010005250495741483,0.08,0.39
1.4,0.000200150100050028,0.08,0.4
1.8,0.000500249999749513,0.08,0.41000000000000003
2.6,0.0008004751498245299,0.08,0.42
1.8,0.00040022504987472445,0.08,0.43
2.4,0.0008003999995992456,0.08,0.44
2.2,0.0006003751499247525,0.08,0.45
2.0,0.0005003502000499447,0.08,0.46
2.6,0.001000449899348842,0.08,0.47000000000000003
2.6,0.001000449899348842,0.08,0.48
2.0,0.0005003000998997384,0.08,0.49
2.6,0.0009004499995491344,0.08,0.5
1.4,0.0002001250499749027,0.09,0.0
1.8,0.000400300200100056,0.09,0.01
1.0,0.0,0.09,0.02
1.8,0.0004002751500249307,0.09,0.03
1.6,0.0003002000999999167,0.09,0.04
1.6,0.0003002000999999167,0.09,0.05
2.6,0.0011004748492236336,0.09,0.06
2.8,0.3963098734370006,0.09,0.07
5.6,0.19646264758251747,0.09,0.08
7.0,0.0063787072858644545,0.09,0.09
5.0,0.0025996654812971516,0.09,0.1
2.0,0.0005003251499748195,0.09,0.11
1.6,0.0003002000999999167,0.09,0.12
1.4,0.000200150100050028,0.09,0.13
2.2,0.0006003751499247525,0.09,0.14
2.2,0.0006003500998496272,0.09,0.15
2.8,0.0009003497992487411,0.09,0.16
2.2,0.0006004001999998334,0.09,0.17
2.2,0.0006004001999998334,0.09,0.18
1.8,0.0004002751500249307,0.09,0.19
3.2,0.001200349498647836,0.09,0.2
2.4,0.0007004251498746412,0.09,0.21
2.0,0.0006003500998496522,0.09,0.22
2.4,0.000800475149824555,0.09,0.23
2.6,0.0008005001998996552,0.09,0.24
2.8,0.0010005250495741483,0.09,0.25
3.6,0.0014006498991484605,0.09,0.26
2.0,0.0005002249496744291,0.09,0.27
2.4,0.0009005000996993434,0.09,0.28
2.8,0.0009005501998495438,0.09,0.29
2.2,0.0008004250496743295,0.09,0.3
3.0,0.0010005250495741453,0.09,0.31
2.8,0.0009005251497744631,0.09,0.32
2.0,0.0006003751499247332,0.09,0.33
1.6,0.000300225150075042,0.09,0.34
1.6,0.0003002000999999167,0.09,0.35000000000000003
3.2,0.0011006251496742403,0.09,0.36
2.0,0.00050037525012507,0.09,0.37
2.2,0.0006003751499247525,0.09,0.38
3.2,0.0013005247489732653,0.09,0.39
2.0,0.0005003251499748195,0.09,0.4
2.0,0.000600274949624343,0.09,0.41000000000000003
2.2,0.0006002999996994431,0.09,0.42
2.6,0.0009004750496242376,0.09,0.43
1.8,0.000400300200100056,0.09,0.44
1.6,0.0004002250498747053,0.09,0.45
2.0,0.0005003000998997385,0.09,0.46
2.2,0.0006003500998496272,0.09,0.47000000000000003
2.0,0.0005003251499748195,0.09,0.48
2.4,0.0008004250496743487,0.09,0.49
2.0,0.0006003751499247332,0.09,0.5
2.0,0.0005002750498246132,0.1,0.0
1.4,0.0002001250499749027,0.1,0.01
1.2,0.000100075050025014,0.1,0.02
1.2,0.000100075050025014,0.1,0.03
2.0,0.0005003251499748195,0.1,0.04
1.4,0.09889313738162588,0.1,0.05
2.4,0.09964799008217427,0.1,0.06
2.2,0.09969241012784559,0.1,0.07
3.2,0.10019960526091662,0.1,0.08
4.6,0.29783237942647356,0.1,0.09
6.8,0.10326262824385952,0.1,0.1
7.0,0.00842963208453699,0.1,0.11
5.0,0.002499790831872915,0.1,0.12
3.0,0.0010006001997994326,0.1,0.13
2.4,0.0008003999995992234,0.1,0.14
1.4,0.000200150100050028,0.1,0.15
2.0,0.0006003751499247332,0.1,0.16
1.8,0.0004002751500249307,0.1,0.17
1.4,0.000200150100050028,0.1,0.18
1.8,0.0004002751500249307,0.1,0.19
1.4,0.000200150100050028,0.1,0.2
1.8,0.0006001246491737302,0.1,0.21
2.0,0.0005003502000499447,0.1,0.22
2.8,0.0011003746489232596,0.1,0.23
2.2,0.0006003500998496272,0.1,0.24
2.0,0.0006004001999998585,0.1,0.25
2.0,0.000600325049774527,0.1,0.26
1.4,0.00030012494977461033,0.1,0.27
2.8,0.0009005251497744185,0.1,0.28
3.0,0.0010005500996492264,0.1,0.29
3.2,0.001100600099599137,0.1,0.3
3.0,0.0010005250495741232,0.1,0.31
3.0,0.0010004749494239612,0.1,0.32
2.4,0.0007004501999497664,0.1,0.33
2.0,0.0006003500998496523,0.1,0.34
1.8,0.0004002751500249307,0.1,0.35000000000000003
2.0,0.0005003502000499447,0.1,0.36
2.6,0.0008005252499747361,0.1,0.37
1.6,0.000300225150075042,0.1,0.38
2.4,0.0007004752500248474,0.1,0.39
3.0,0.0010005250495741676,0.1,0.4
2.6,0.0008004751498245299,0.1,0.41000000000000003
2.6,0.0009004249494740536,0.1,0.42
2.0,0.0005003251499748194,0.1,0.43
2.4,0.0007004251498746412,0.1,0.44
2.6,0.0009005251497744436,0.1,0.45
3.0,0.0010005500996492485,0.1,0.46
3.2,0.0012002993984976072,0.1,0.47000000000000003
3.0,0.0012004246488731482,0.1,0.48
3.0,0.0012005248491735385,0.1,0.49
1.8,0.0004002751500249307,0.1,0.5
1.4,0.000200150100050028,0.11,0.0
1.6,0.0003002000999999167,0.11,0.01
1.6,0.0004001999997996243,0.11,0.02
2.0,0.0005003000998997384,0.11,0.03
2.6,0.0009003748493238472,0.11,0.04
2.0,0.0005003502000499447,0.11,0.05
1.6,0.0003002000999999167,0.11,0.06
1.8,0.000500249999749513,0.11,0.07
2.0,0.0005003251499748195,0.11,0.08
3.6,0.2990422667412157,0.11,0.09
4.0,0.49815434177921664,0.11,0.1
5.6,0.20111281827372918,0.11,0.11
7.0,0.003499745992238517,0.11,0.12
7.0,0.0030003727451174645,0.11,0.13
3.2,0.0014003242481721257,0.11,0.14
2.6,0.0009005251497744436,0.11,0.15
1.4,0.000200150100050028,0.11,0.16
2.4,0.0007004501999497221,0.11,0.17
2.0,0.000700375049724466,0.11,0.18
2.4,0.0007004501999497221,0.11,0.19
2.8,0.0011004748492236497,0.11,0.2
2.6,0.0009003748493238472,0.11,0.21
1.8,0.0004002500999498054,0.11,0.22
3.2,0.0012005999993988448,0.11,0.23
2.6,0.0012004496989482631,0.11,0.24
1.8,0.0004002751500249307,0.11,0.25
2.4,0.000800425049674371,0.11,0.26
2.6,0.0009004499995491344,0.11,0.27
2.2,0.0006003500998496272,0.11,0.28
2.4,0.0007004251498746412,0.11,0.29
2.4,0.0007003499996493318,0.11,0.3
1.4,0.000200150100050028,0.11,0.31
2.4,0.0007004501999497665,0.11,0.32
2.6,0.0009003497992487441,0.11,0.33
2.8,0.0011004497991485497,0.11,0.34
2.8,0.0009004499995491535,0.11,0.35000000000000003
2.0,0.0005003000998997385,0.11,0.36
2.4,0.0009003998993989534,0.11,0.37
2.6,0.0010002995988982455,0.11,0.38
2.4,0.0007003499996493318,0.11,0.39
2.4,0.0008001995989984207,0.11,0.4
2.4,0.000800475149824555,0.11,0.41000000000000003
1.6,0.0003002000999999167,0.11,0.42
3.0,0.0010005250495741453,0.11,0.43
1.0,0.0,0.11,0.44
2.2,0.0007002748494240256,0.11,0.45
1.4,0.000200150100050028,0.11,0.46
2.0,0.0005003502000499448,0.11,0.47000000000000003
2.0,0.0005003000998997384,0.11,0.48
2.8,0.001000449899348861,0.11,0.49
1.6,0.0006001997993990203,0.11,0.5
1.6,0.0006001496992488423,0.12,0.0
2.6,0.0008003749495241396,0.12,0.01
1.8,0.0005003251499748445,0.12,0.02
2.0,0.0005003251499748195,0.12,0.03
1.6,0.000300225150075042,0.12,0.04
1.2,0.000100075050025014,0.12,0.05
1.8,0.0005003000998997193,0.12,0.06
2.4,0.0007004251498746412,0.12,0.07
2.4,0.09950651352052756,0.12,0.08
1.8,0.09996692763834908,0.12,0.09
3.2,0.29907001596190785,0.12,0.1
4.6,0.29954345611878147,0.12,0.11
7.0,0.10322594867139416,0.12,0.12
6.4,0.30203979630280936,0.12,0.13
7.0,0.0030003727451174645,0.12,0.14
7.0,0.0032999966933900853,0.12,0.15
2.4,0.0009004249494740593,0.12,0.16
2.4,0.0008003498994490394,0.12,0.17
2.4,0.0007004501999497664,0.12,0.18
2.0,0.0005003251499748195,0.12,0.19
2.4,0.0008003999995992234,0.12,0.2
2.0,0.0005003000998997385,0.12,0.21
2.2,0.0008003749495241486,0.12,0.22
2.4,0.0007004251498746412,0.12,0.23
2.0,0.0005003000998997385,0.12,0.24
2.4,0.0008004500997494297,0.12,0.25
3.0,0.0012004997990984353,0.12,0.26
2.0,0.0006004001999998585,0.12,0.27
1.4,0.000200150100050028,0.12,0.28
1.8,0.0007002497993489312,0.12,0.29
2.2,0.0006004001999998334,0.12,0.3
2.8,0.001000525049574126,0.12,0.31
2.8,0.001200524849173544,0.12,0.32
1.8,0.0004002500999498054,0.12,0.33
2.2,0.0007003499996493347,0.12,0.34
2.4,0.0007004251498746412,0.12,0.35000000000000003
2.0,0.000600274949624343,0.12,0.36
2.6,0.0010003997991986581,0.12,0.37
2.0,0.0006000494989483928,0.12,0.38
2.4,0.0007004251498746412,0.12,0.39
1.8,0.0004002751500249307,0.12,0.4
2.0,0.0006001747493239306,0.12,0.41000000000000003
2.2,0.0008004250496743297,0.12,0.42
2.6,0.0011003245487730372,0.12,0.43
3.0,0.0013003994985977616,0.12,0.44
2.0,0.0005003000998997384,0.12,0.45
2.4,0.0008005001998996359,0.12,0.46
2.0,0.0005003502000499448,0.12,0.47000000000000003
2.4,0.0007004752500248474,0.12,0.48
1.8,0.0005002750498246382,0.12,0.49
1.8,0.0004002751500249307,0.12,0.5
1.8,0.0005003000998997193,0.13,0.0
1.4,0.0003001750499248165,0.13,0.01
1.4,0.000200150100050028,0.13,0.02
1.4,0.000200150100050028,0.13,0.03
1.6,0.0003002000999999167,0.13,0.04
1.6,0.000300225150075042,0.13,0.05
1.4,0.0002001250499749027,0.13,0.06
1.6,0.0003002000999999167,0.13,0.07
2.2,0.09859804749694642,0.13,0.08
3.2,0.39549828231635037,0.13,0.09
2.8,0.10010403296189081,0.13,0.1
5.0,0.20060524112701295,0.13,0.11
4.4,0.2967241453164877,0.13,0.12
5.2,0.2982066964361759,0.13,0.13
7.0,0.1024651778906033,0.13,0.14
7.0,0.10311391847302757,0.13,0.15
7.0,0.00310027244461676,0.13,0.16
7.0,0.004098693287882482,0.13,0.17
2.0,0.0005003502000499447,0.13,0.18
1.4,0.0002001250499749027,0.13,0.19
2.0,0.0005003502000499447,0.13,0.2
2.2,0.0006002999996994431,0.13,0.21
1.8,0.0004002751500249307,0.13,0.22
2.8,0.001000499999499023,0.13,0.23
1.6,0.0003002000999999167,0.13,0.24
1.6,0.000300225150075042,0.13,0.25
2.4,0.0007004501999497664,0.13,0.26
1.8,0.0004002751500249307,0.13,0.27
2.4,0.0008003999995992234,0.13,0.28
2.2,0.0006004252500749587,0.13,0.29
1.6,0.000300225150075042,0.13,0.3
2.4,0.0007004501999497221,0.13,0.31
2.6,0.0008003749495241396,0.13,0.32
2.4,0.0007002497993489193,0.13,0.33
2.0,0.0006003751499247332,0.13,0.34
2.8,0.0009005501998495438,0.13,0.35000000000000003
1.8,0.000400300200100056,0.13,0.36
2.8,0.0009005000996993378,0.13,0.37
1.8,0.0004002751500249307,0.13,0.38
2.8,0.0010004248492737357,0.13,0.39
4.4,0.00180067454842236,0.13,0.4
2.2,0.0006004252500749587,0.13,0.41000000000000003
2.2,0.0006003751499247525,0.13,0.42
1.8,0.0005002750498246382,0.13,0.43
2.8,0.0010005250495741485,0.13,0.44
2.0,0.0006002498995492176,0.13,0.45
2.4,0.0007004752500248474,0.13,0.46
2.2,0.0006004001999998334,0.13,0.47000000000000003
3.4,0.0013005748491234466,0.13,0.48
2.2,0.000700349999649357,0.13,0.49
2.4,0.0008004500997494297,0.13,0.5
2.4,0.0008003999995992456,0.14,0.0
1.4,0.000200150100050028,0.14,0.01
1.6,0.0004001999997996243,0.14,0.02
1.6,0.0003002000999999167,0.14,0.03
1.6,0.000300225150075042,0.14,0.04
1.6,0.000300225150075042,0.14,0.05
1.6,0.0005001998995993127,0.14,0.06
3.0,0.0011004497991485437,0.14,0.07
2.4,0.19798921794667543,0.14,0.08
2.4,0.0009001994987981092,0.14,0.09
2.0,0.09895726557388225,0.14,0.1
2.6,0.19967536981425874,0.14,0.11
3.0,0.498552600398196,0.14,0.12
4.0,0.4962212462712963,0.14,0.13
5.6,0.49714201814427045,0.14,0.14
6.0,0.30059658006354717,0.14,0.15
6.8,0.20253234340446555,0.14,0.16
7.0,0.0030003727451174645,0.14,0.17
7.0,0.0032001470940409963,0.14,0.18
5.4,0.00289901387874364,0.14,0.19
4.2,0.0017004742480218303,0.14,0.2
2.4,0.0007004251498746412,0.14,0.21
2.0,0.0005003251499748194,0.14,0.22
2.8,0.0009005251497744185,0.14,0.23
2.8,0.0010005250495741485,0.14,0.24
1.6,0.0003002000999999167,0.14,0.25
2.8,0.0009005251497744185,0.14,0.26
2.6,0.0009004750496242376,0.14,0.27
2.6,0.0010002494987480172,0.14,0.28
2.4,0.0007004752500248474,0.14,0.29
2.2,0.0007003249495742316,0.14,0.3
2.6,0.0010003246489733485,0.14,0.31
2.0,0.0005003000998997384,0.14,0.32
3.0,0.0011004998992987722,0.14,0.33
1.8,0.000400300200100056,0.14,0.34
2.2,0.0006003751499247525,0.14,0.35000000000000003
2.0,0.0005002249496744291,0.14,0.36
2.0,0.0005003251499748195,0.14,0.37
3.0,0.001100549999448934,0.14,0.38
2.0,0.0005003502000499447,0.14,0.39
2.0,0.000600325049774527,0.14,0.4
2.2,0.0006003751499247081,0.14,0.41000000000000003
2.6,0.0008004751498245299,0.14,0.42
2.2,0.0006003500998496272,0.14,0.43
3.2,0.0012005999993988446,0.14,0.44
3.0,0.0010003246489732984,0.14,0.45
1.8,0.00040022504987472445,0.14,0.46
1.8,0.000500249999749513,0.14,0.47000000000000003
1.8,0.000400300200100056,0.14,0.48
2.2,0.0006004001999998334,0.14,0.49
2.8,0.0010005250495741485,0.14,0.5
2.6,0.0009003998993989725,0.15,0.0
2.0,0.0005003502000499447,0.15,0.01
3.0,0.0012004997990984353,0.15,0.02
1.2,0.000100075050025014,0.15,0.03
1.6,0.0003002000999999167,0.15,0.04
1.8,0.0004002500999498054,0.15,0.05
1.6,0.000300225150075042,0.15,0.06
1.4,0.000200150100050028,0.15,0.07
1.6,0.000300225150075042,0.15,0.08
1.6,0.000300225150075042,0.15,0.09
2.0,0.19801407388369352,0.15,0.1
1.8,0.09864523557591627,0.15,0.11
4.4,0.39611173986799614,0.15,0.12
3.4,0.4980337068800533,0.15,0.13
5.4,0.4973863252642031,0.15,0.14
4.6,0.39956174267360456,0.15,0.15
4.6,0.4996474014054095,0.15,0.16
5.6,0.40208775467158847,0.15,0.17
5.6,0.30118469320171026,0.15,0.18
7.0,0.0036992698404109655,0.15,0.19
7.0,0.003699395090786492,0.15,0.2
6.2,0.003598249150050979,0.15,0.21
1.8,0.00040022504987472445,0.15,0.22
1.4,0.000200150100050028,0.15,0.23
1.8,0.0005002750498246383,0.15,0.24
1.8,0.0004002751500249307,0.15,0.25
2.6,0.0008005252499747361,0.15,0.26
2.0,0.0005003251499748194,0.15,0.27
2.0,0.0006003500998496522,0.15,0.28
1.8,0.0004002751500249307,0.15,0.29
1.8,0.0004002751500249307,0.15,0.3
2.8,0.0010004248492737357,0.15,0.31
2.2,0.0006004001999998334,0.15,0.32
2.8,0.0009005000996993378,0.15,0.33
2.0,0.00050037525012507,0.15,0.34
2.2,0.000700400099799541,0.15,0.35000000000000003
1.6,0.0003001499998497105,0.15,0.36
1.2,0.000100075050025014,0.15,0.37
1.8,0.0004002751500249307,0.15,0.38
2.6,0.0010004999994990258,0.15,0.39
2.6,0.0010005500996492322,0.15,0.4
2.2,0.0006004001999998334,0.15,0.41000000000000003
3.0,0.0010005250495741676,0.15,0.42
2.6,0.0009004499995491343,0.15,0.43
2.0,0.0005003502000499447,0.15,0.44
1.6,0.0003002000999999167,0.15,0.45
1.6,0.0003002000999999167,0.15,0.46
2.0,0.000600325049774527,0.15,0.47000000000000003
2.4,0.0007002998994991256,0.15,0.48
3.2,0.0011005750495240564,0.15,0.49
2.4,0.0008001995989984207,0.15,0.5
2.0,0.0005003000998997384,0.16,0.0
1.6,0.0003002000999999167,0.16,0.01
1.6,0.000300225150075042,0.16,0.02
1.4,0.0002001250499749027,0.16,0.03
2.0,0.0005003502000499447,0.16,0.04
2.0,0.0005003251499748195,0.16,0.05
2.4,0.0007003499996493318,0.16,0.06
2.4,0.000800475149824555,0.16,0.07
2.0,0.0006002749496243208,0.16,0.08
1.6,0.09936940819698578,0.16,0.09
3.0,0.199538514991468,0.16,0.1
2.6,0.3969389497104713,0.16,0.11
2.2,0.09943797651505362,0.16,0.12
3.2,0.3990776812848885,0.16,0.13
3.8,0.4988488989489991,0.16,0.14
4.2,0.3000464866768671,0.16,0.15
5.6,0.500015061357654,0.16,0.16
4.4,0.4999182365548732,0.16,0.17
6.0,0.5003168396123853,0.16,0.18
7.0,0.3019153036920805,0.16,0.19
6.8,0.10274523146770394,0.16,0.2
6.8,0.20271177082988903,0.16,0.21
7.0,0.0030003727451174645,0.16,0.22
5.4,0.10181980654328004,0.16,0.23
2.0,0.000600274949624343,0.16,0.24
2.0,0.0005003000998997385,0.16,0.25
1.4,0.000200150100050028,0.16,0.26
2.4,0.0009004499995491373,0.16,0.27
2.2,0.000700400099799541,0.16,0.28
2.8,0.0009003998993989473,0.16,0.29
2.0,0.000600325049774527,0.16,0.3
2.0,0.0005002249496744291,0.16,0.31
1.4,0.0004000997994992149,0.16,0.32
2.0,0.0005003502000499447,0.16,0.33
2.6,0.0008003498994490586,0.16,0.34
2.0,0.0005003000998997385,0.16,0.35000000000000003
2.0,0.0005003000998997384,0.16,0.36
3.0,0.0010004999994990423,0.16,0.37
2.6,0.0008004751498245299,0.16,0.38
2.2,0.000600299999699421,0.16,0.39
2.8,0.0009004750496242345,0.16,0.4
2.6,0.0008003749495241396,0.16,0.41000000000000003
2.0,0.0005003000998997384,0.16,0.42
1.8,0.0004002751500249307,0.16,0.43
2.0,0.0006003500998496522,0.16,0.44
1.4,0.0002001250499749027,0.16,0.45
1.4,0.000200150100050028,0.16,0.46
2.0,0.0005003502000499448,0.16,0.47000000000000003
2.2,0.0006003751499247524,0.16,0.48
2.4,0.0007004501999497221,0.16,0.49
3.2,0.0011005750495240562,0.16,0.5
1.8,0.000400300200100056,0.17,0.0
1.8,0.000400300200100056,0.17,0.01
1.6,0.0004002250498747053,0.17,0.02
1.8,0.0004002500999498054,0.17,0.03
1.4,0.000200150100050028,0.17,0.04
1.4,0.00030012494977461033,0.17,0.05
1.2,0.000100075050025014,0.17,0.06
1.4,0.000200150100050028,0.17,0.07
1.6,0.0003002000999999167,0.17,0.08
2.0,0.0006002498995492176,0.17,0.09
2.4,0.29822012327642955,0.17,0.1
1.8,0.39621551606661715,0.17,0.11
2.4,0.3952831773214657,0.17,0.12
4.4,0.49936810559308054,0.17,0.13
4.2,0.4994505954903853,0.17,0.14
4.2,0.4996932242552864,0.17,0.15
4.4,0.4986299926052179,0.17,0.16
3.8,0.49846960323687056,0.17,0.17
5.6,0.40106191652112566,0.17,0.18
5.8,0.5000471880789699,0.17,0.19
4.0,0.3993452724496268,0.17,0.2
5.8,0.40057918278639004,0.17,0.21
5.0,0.49900539303066827,0.17,0.22
5.6,0.301304175797419,0.17,0.23
6.2,0.3012701891080269,0.17,0.24
2.4,0.0007003750497244349,0.17,0.25
2.4,0.0007004501999497221,0.17,0.26
3.0,0.0010005500996492485,0.17,0.27
2.8,0.0009005501998495438,0.17,0.28
1.8,0.000400300200100056,0.17,0.29
1.8,0.0004001498996494151,0.17,0.3
2.0,0.000600325049774527,0.17,0.31
2.8,0.0013002178855532533,0.17,0.32
2.2,0.0006001997993990306,0.17,0.33
2.4,0.0007004752500248474,0.17,0.34
1.4,0.000200150100050028,0.17,0.35000000000000003
2.6,0.001100299498697934,0.17,0.36
1.6,0.000300225150075042,0.17,0.37
1.6,0.0003002000999999167,0.17,0.38
2.2,0.0006004001999998334,0.17,0.39
2.0,0.0005003502000499448,0.17,0.4
1.6,0.0004001999997996243,0.17,0.41000000000000003
2.0,0.000600325049774527,0.17,0.42
2.4,0.0008003248493739585,0.17,0.43
2.2,0.0006003751499247525,0.17,0.44
3.2,0.0012004496989482484,0.17,0.45
1.6,0.000300225150075042,0.17,0.46
2.0,0.0005003502000499447,0.17,0.47000000000000003
3.2,0.0011006251496742405,0.17,0.48
3.0,0.0010004999994990423,0.17,0.49
2.6,0.0009002495989483096,0.17,0.5
1.6,0.0004002250498747053,0.18,0.0
1.4,0.00040014989964942406,0.18,0.01
1.4,0.000200150100050028,0.18,0.02
2.0,0.0007003499996493407,0.18,0.03
1.8,0.00040022504987472445,0.18,0.04
1.8,0.0004002751500249307,0.18,0.05
2.0,0.0005003502000499447,0.18,0.06
1.6,0.0003002000999999167,0.18,0.07
2.0,0.0005003251499748195,0.18,0.08
2.6,0.09906928950972996,0.18,0.09
2.4,0.2961760058356656,0.18,0.1
2.2,0.29867850833816806,0.18,0.11
2.6,0.49854427751074404,0.18,0.12
3.0,0.4988033892250609,0.18,0.13
3.2,0.4992006521035551,0.18,0.14
4.4,0.49809956979001024,0.18,0.15
3.8,0.5000994362731099,0.18,0.16
5.2,0.40089815791767747,0.18,0.17
3.2,0.49965220475731,0.18,0.18
4.2,0.5003737220704189,0.18,0.19
5.6,0.5009973624775927,0.18,0.2
5.2,0.5005817942567192,0.18,0.21
5.0,0.4989497067137207,0.18,0.22
3.8,0.49991112859606357,0.18,0.23
4.0,0.49970008171334496,0.18,0.24
5.2,0.4005378752125499,0.18,0.25
5.0,0.40043255843431014,0.18,0.26
1.8,0.0005002750498246383,0.18,0.27
2.0,0.0005003251499748195,0.18,0.28
2.2,0.0006002999996994431,0.18,0.29
1.8,0.000400300200100056,0.18,0.3
2.4,0.0007004251498746412,0.18,0.31
1.8,0.0004002751500249307,0.18,0.32
2.0,0.0005002750498246132,0.18,0.33
2.2,0.0006004252500749587,0.18,0.34
2.6,0.0008005001998996107,0.18,0.35000000000000003
1.8,0.0005001998995993291,0.18,0.36
3.2,0.0011005249493738502,0.18,0.37
2.0,0.0005002750498246132,0.18,0.38
2.4,0.0007004251498746412,0.18,0.39
2.4,0.0007004251498746412,0.18,0.4
2.0,0.0005003502000499447,0.18,0.41000000000000003
2.4,0.0008003999995992456,0.18,0.42
1.8,0.0004002751500249307,0.18,0.43
2.4,0.0008005001998996359,0.18,0.44
2.0,0.0005003502000499447,0.18,0.45
2.4,0.0008005001998996359,0.18,0.46
2.4,0.0007003499996493318,0.18,0.47000000000000003
2.4,0.0008004751498245106,0.18,0.48
1.6,0.000300225150075042,0.18,0.49
3.4,0.0013003744485226214,0.18,0.5
1.2,0.000100075050025014,0.19,0.0
1.8,0.0004002500999498054,0.19,0.01
1.6,0.0003002000999999167,0.19,0.02
2.4,0.0007004752500248474,0.19,0.03
2.0,0.0005003000998997384,0.19,0.04
1.4,0.0003001750499248165,0.19,0.05
1.6,0.0003002000999999167,0.19,0.06
2.2,0.0006004001999998334,0.19,0.07
1.6,0.000300225150075042,0.19,0.08
1.8,0.0995831354377401,0.19,0.09
3.2,0.39435995680365055,0.19,0.1
2.6,0.4967522702883064,0.19,0.11
3.4,0.4985555625695766,0.19,0.12
2.8,0.49883743853964074,0.19,0.13
3.4,0.498956326196066,0.19,0.14
2.6,0.49916297052808567,0.19,0.15
2.6,0.49977357237117,0.19,0.16
3.4,0.4992025245966687,0.19,0.17
3.8,0.4997828722115509,0.19,0.18
3.8,0.4983297549301053,0.19,0.19
4.4,0.49994240361482606,0.19,0.2
4.2,0.4997319892465037,0.19,0.21
4.0,0.499247614731849,0.19,0.22
3.8,0.49933326720113513,0.19,0.23
2.6,0.4991612984355728,0.19,0.24
4.0,0.4997708106003903,0.19,0.25
3.6,0.49912194476759036,0.19,0.26
4.4,0.4972860999137276,0.19,0.27
4.8,0.40009383758132505,0.19,0.28
2.4,0.0007004251498746412,0.19,0.29
2.8,0.0012004496989482573,0.19,0.3
1.6,0.00040025009994983053,0.19,0.31
1.8,0.0005003000998997193,0.19,0.32
3.4,0.0012005248491735326,0.19,0.33
1.8,0.0004002751500249307,0.19,0.34
2.2,0.0006002999996994431,0.19,0.35000000000000003
1.2,0.000100075050025014,0.19,0.36
1.8,0.00040022504987472445,0.19,0.37
2.8,0.0010004749494239421,0.19,0.38
1.8,0.00040022504987472445,0.19,0.39
2.4,0.0007004000997995159,0.19,0.4
1.6,0.0005002249496744129,0.19,0.41000000000000003
2.4,0.0007004251498746412,0.19,0.42
2.4,0.0007004501999497221,0.19,0.43
2.4,0.0008003749495241203,0.19,0.44
1.6,0.000300225150075042,0.19,0.45
2.6,0.0009005251497744438,0.19,0.46
2.6,0.0008004250496743458,0.19,0.47000000000000003
1.8,0.0004002751500249307,0.19,0.48
2.2,0.0006003751499247524,0.19,0.49
1.8,0.0004002500999498054,0.19,0.5
1.4,0.0003001750499248165,0.2,0.0
1.4,0.00030012494977461033,0.2,0.01
1.2,0.000100075050025014,0.2,0.02
2.0,0.0005003502000499447,0.2,0.03
2.2,0.0006004252500749587,0.2,0.04
1.6,0.000300225150075042,0.2,0.05
1.8,0.0004002500999498054,0.2,0.06
1.4,0.000200150100050028,0.2,0.07
2.4,0.2928542719396073,0.2,0.08
1.4,0.000200150100050028,0.2,0.09
1.6,0.19808923037151266,0.2,0.1
2.8,0.3987175676677679,0.2,0.11
3.0,0.4966658412666921,0.2,0.12
4.0,0.4994997249501754,0.2,0.13
3.2,0.49915775384994615,0.2,0.14
3.2,0.49868801484166864,0.2,0.15
2.6,0.49831292127963805,0.2,0.16
3.6,0.4987855598341084,0.2,0.17
3.6,0.49956688420151885,0.2,0.18
3.6,0.49947097998899803,0.2,0.19
3.8,0.49924641859076296,0.2,0.2
3.0,0.4991579354629905,0.2,0.21
2.8,0.49947548900251615,0.2,0.22
3.8,0.4962529283537792,0.2,0.23
3.4,0.49855804252701147,0.2,0.24
2.8,0.49830674017360704,0.2,0.25
3.4,0.4997832166500835,0.2,0.26
2.8,0.49952853253654056,0.2,0.27
3.0,0.49681884086288486,0.2,0.28
3.4,0.4905630605580556,0.2,0.29
3.6,0.001400424448472532,0.2,0.3
5.8,0.0025004984964945042,0.2,0.31
3.8,0.0016004492981470254,0.2,0.32
2.2,0.0009003497992487308,0.2,0.33
2.4,0.0010002745488231542,0.2,0.34
2.6,0.0009005000996993185,0.2,0.35000000000000003
1.8,0.0004002500999498054,0.2,0.36
1.6,0.0003002000999999167,0.2,0.37
2.2,0.0006003751499247081,0.2,0.38
1.8,0.0004002751500249307,0.2,0.39
1.8,0.0005003000998997193,0.2,0.4
2.0,0.0005002750498246132,0.2,0.41000000000000003
2.4,0.0009003497992487279,0.2,0.42
1.8,0.000400300200100056,0.2,0.43
2.6,0.0009004249494740313,0.2,0.44
1.2,0.000100075050025014,0.2,0.45
1.6,0.0004002250498747053,0.2,0.46
1.6,0.0004001999997996243,0.2,0.47000000000000003
1.6,0.0003002000999999167,0.2,0.48
1.6,0.000300225150075042,0.2,0.49
2.6,0.0008003248493739333,0.2,0.5
1.0,0.0,0.21,0.0
2.0,0.0005002249496744291,0.21,0.01
1.6,0.000300225150075042,0.21,0.02
1.8,0.0005003251499748445,0.21,0.03
1.8,0.0004002751500249307,0.21,0.04
1.6,0.0003002000999999167,0.21,0.05
1.8,0.0004002751500249307,0.21,0.06
2.2,0.0976188400612825,0.21,0.07
1.6,0.09680396111827547,0.21,0.08
2.0,0.19592519822124427,0.21,0.09
2.4,0.29624935871807745,0.21,0.1
2.6,0.4963311534757981,0.21,0.11
2.4,0.4966220224228232,0.21,0.12
3.2,0.4992319646974302,0.21,0.13
2.6,0.4982145308471635,0.21,0.14
2.6,0.49852976099222357,0.21,0.15
2.4,0.49878115102089077,0.21,0.16
3.2,0.49828075072069067,0.21,0.17
3.0,0.4995576720364007,0.21,0.18
3.2,0.4991991177864551,0.21,0.19
2.8,0.49983737491245,0.21,0.2
3.8,0.4997531816100385,0.21,0.21
3.0,0.4993308185562941,0.21,0.22
3.4,0.4977193660126593,0.21,0.23
3.2,0.4997632266901536,0.21,0.24
3.2,0.49839616894171457,0.21,0.25
3.2,0.49213122030939854,0.21,0.26
4.0,0.39844228612997384,0.21,0.27
4.2,0.4985824663502341,0.21,0.28
3.0,0.49389830270711155,0.21,0.29
4.2,0.4852730107484862,0.21,0.3
6.4,0.17713032727422115,0.21,0.31
7.0,0.0032999716433149847,0.21,0.32
7.0,0.0032001470940409963,0.21,0.33
7.0,0.0030003727451174645,0.21,0.34
3.8,0.0015005495986477528,0.21,0.35000000000000003
2.4,0.0008002997992988332,0.21,0.36
2.4,0.0007004251498746412,0.21,0.37
2.4,0.0008004250496743487,0.21,0.38
2.2,0.0006004001999998334,0.21,0.39
1.6,0.00040025009994983053,0.21,0.4
2.0,0.0006003751499247332,0.21,0.41000000000000003
2.2,0.000700400099799541,0.21,0.42
2.2,0.0006003500998496272,0.21,0.43
1.2,0.000100075050025014,0.21,0.44
2.4,0.0007004752500248474,0.21,0.45
2.8,0.0011004497991485244,0.21,0.46
2.0,0.0005002750498246132,0.21,0.47000000000000003
2.2,0.0006004001999998334,0.21,0.48
2.2,0.0006004252500749587,0.21,0.49
1.8,0.0005002750498246382,0.21,0.5
1.2,0.000100075050025014,0.22,0.0
1.4,0.000200150100050028,0.22,0.01
2.4,0.0009004750496242181,0.22,0.02
1.6,0.0006998928357787515,0.22,0.03
1.8,0.0004002751500249307,0.22,0.04
1.2,0.000100075050025014,0.22,0.05
1.8,0.0004002751500249307,0.22,0.06
1.8,0.0005002750498246383,0.22,0.07
1.8,0.09625806988169354,0.22,0.08
1.6,0.2913491882773665,0.22,0.09
2.4,0.2964847605363121,0.22,0.1
2.4,0.49496263029796567,0.22,0.11
2.8,0.49697763328894473,0.22,0.12
3.2,0.4986847207567928,0.22,0.13
2.8,0.4991262846931016,0.22,0.14
2.4,0.498021019017015,0.22,0.15
2.6,0.49953061795529263,0.22,0.16
3.0,0.4991603402702001,0.22,0.17
3.2,0.49964839088337587,0.22,0.18
2.6,0.4997015220926633,0.22,0.19
3.2,0.49853371890408926,0.22,0.2
2.8,0.49954354379404425,0.22,0.21
2.2,0.49813448959469986,0.22,0.22
2.4,0.49843574806037266,0.22,0.23
3.6,0.49961210584959337,0.22,0.24
2.6,0.49774060221382543,0.22,0.25
3.8,0.4990985730475219,0.22,0.26
3.4,0.49977537597657723,0.22,0.27
3.0,0.49692219121022924,0.22,0.28
3.2,0.49894696999301613,0.22,0.29
3.8,0.4905971537102669,0.22,0.3
3.6,0.4694399103808514,0.22,0.31
4.4,0.372035524012501,0.22,0.32
7.0,0.003200172144116055,0.22,0.33
7.0,0.0030003727451174645,0.22,0.34
7.0,0.0030003727451174645,0.22,0.35000000000000003
7.0,0.0030003727451174645,0.22,0.36
7.0,0.0030003727451174645,0.22,0.37
5.4,0.0023004736468200137,0.22,0.38
2.6,0.0008004751498245299,0.22,0.39
2.6,0.0011004247490734496,0.22,0.4
3.8,0.0015005245485726273,0.22,0.41000000000000003
2.0,0.0005003502000499448,0.22,0.42
2.2,0.0006004001999998334,0.22,0.43
2.2,0.0006004001999998334,0.22,0.44
1.8,0.000400300200100056,0.22,0.45
2.0,0.0005003251499748194,0.22,0.46
2.4,0.0007004251498746412,0.22,0.47000000000000003
2.6,0.0008004250496743458,0.22,0.48
2.4,0.0008002997992988332,0.22,0.49
2.2,0.0006002999996994431,0.22,0.5
1.6,0.000300225150075042,0.23,0.0
1.6,0.000300225150075042,0.23,0.01
1.4,0.000200150100050028,0.23,0.02
1.6,0.000300225150075042,0.23,0.03
1.8,0.0004002751500249307,0.23,0.04
1.6,0.0003002000999999167,0.23,0.05
2.2,0.000700400099799541,0.23,0.06
2.0,0.000600325049774527,0.23,0.07
2.2,0.09687058805552301,0.23,0.08
2.2,0.1967341215088963,0.23,0.09
2.6,0.4928773994214435,0.23,0.1
2.4,0.4944013457902347,0.23,0.11
2.2,0.49798159646132617,0.23,0.12
2.8,0.4975272256741226,0.23,0.13
2.8,0.49777462647833015,0.23,0.14
2.4,0.49850287599912224,0.23,0.15
3.0,0.4994397926454984,0.23,0.16
3.2,0.4997975640805971,0.23,0.17
2.2,0.498293826859893,0.23,0.18
3.2,0.49918121324527737,0.23,0.19
2.4,0.4975811772733695,0.23,0.2
3.2,0.4996466436406376,0.23,0.21
3.2,0.49834203572942315,0.23,0.22
2.2,0.4991889537184832,0.23,0.23
3.0,0.4990750071893716,0.23,0.24
3.0,0.4985887789691594,0.23,0.25
3.2,0.5000588426264103,0.23,0.26
2.4,0.49680166277388504,0.23,0.27
3.2,0.4994225206187168,0.23,0.28
2.8,0.49799210496783075,0.23,0.29
4.2,0.49567247427607786,0.23,0.3
4.0,0.4703033927320715,0.23,0.31
4.6,0.47588464340216097,0.23,0.32
6.0,0.1025711397082768,0.23,0.33
7.0,0.00310027244461676,0.23,0.34
7.0,0.0030003727451174645,0.23,0.35000000000000003
7.0,0.0030003727451174645,0.23,0.36
7.0,0.0030003727451174645,0.23,0.37
7.0,0.0030003727451174645,0.23,0.38
7.0,0.0030003727451174645,0.23,0.39
6.2,0.003399163678192757,0.23,0.4
3.8,0.0016004492981470477,0.23,0.41000000000000003
2.6,0.0008004751498245299,0.23,0.42
1.6,0.0003002000999999167,0.23,0.43
2.2,0.0006004001999998334,0.23,0.44
2.8,0.001000525049574126,0.23,0.45
2.2,0.0006004252500749587,0.23,0.46
2.2,0.0006003751499247525,0.23,0.47000000000000003
2.0,0.0005003502000499448,0.23,0.48
3.0,0.0010005500996492485,0.23,0.49
1.6,0.0003002000999999167,0.23,0.5
2.0,0.0007003249495742346,0.24,0.0
1.8,0.0004002751500249307,0.24,0.01
1.8,0.0004002751500249307,0.24,0.02
1.8,0.0004002751500249307,0.24,0.03
2.4,0.000700375049724457,0.24,0.04
1.4,0.000200150100050028,0.24,0.05
1.8,0.0004002751500249307,0.24,0.06
1.8,0.000400300200100056,0.24,0.07
2.8,0.0009005501998495438,0.24,0.08
1.8,0.09849631914196479,0.24,0.09
2.2,0.0006003500998496272,0.24,0.1
2.8,0.4886961348235122,0.24,0.11
2.4,0.49498060998936877,0.24,0.12
2.2,0.4971920243566891,0.24,0.13
2.4,0.496912427943459,0.24,0.14
3.4,0.49592769696623556,0.24,0.15
3.0,0.4997895731066402,0.24,0.16
2.2,0.49931984662340023,0.24,0.17
2.6,0.49869213557902253,0.24,0.18
2.6,0.4978511356702048,0.24,0.19
3.0,0.4986681814447079,0.24,0.2
3.0,0.4993006770534298,0.24,0.21
2.4,0.4993868994119245,0.24,0.22
2.8,0.499494921598275,0.24,0.23
3.0,0.4993299543287031,0.24,0.24
3.2,0.4984966385304224,0.24,0.25
2.8,0.49676525875224575,0.24,0.26
2.8,0.4999250000751503,0.24,0.27
2.4,0.4984973274074876,0.24,0.28
3.0,0.49526137123109093,0.24,0.29
2.8,0.49502821765709654,0.24,0.3
2.8,0.49795677809942074,0.24,0.31
3.0,0.4939581786491196,0.24,0.32
3.0,0.4452321377934491,0.24,0.33
4.6,0.3262021030039048,0.24,0.34
7.0,0.10549763978192409,0.24,0.35000000000000003
7.0,0.00310027244461676,0.24,0.36
7.0,0.0030003727451174645,0.24,0.37
7.0,0.0030003727451174645,0.24,0.38
7.0,0.0030003727451174645,0.24,0.39
7.0,0.0030003727451174645,0.24,0.4
7.0,0.0030003727451174645,0.24,0.41000000000000003
6.6,0.002800448095743387,0.24,0.42
3.6,0.0013005247489732592,0.24,0.43
2.6,0.0009004499995491343,0.24,0.44
2.0,0.0005003502000499448,0.24,0.45
2.0,0.0006003751499247332,0.24,0.46
2.8,0.0009005501998495438,0.24,0.47000000000000003
2.6,0.0009003748493238474,0.24,0.48
2.2,0.0006003751499247525,0.24,0.49
1.6,0.0003002000999999167,0.24,0.5
1.8,0.0005003000998997193,0.25,0.0
1.4,0.000200150100050028,0.25,0.01
1.0,0.0,0.25,0.02
1.4,0.000200150100050028,0.25,0.03
1.2,0.000100075050025014,0.25,0.04
1.6,0.000300225150075042,0.25,0.05
1.4,0.000200150100050028,0.25,0.06
1.4,0.000200150100050028,0.25,0.07
1.6,0.09809378948518088,0.25,0.08
1.8,0.0004002751500249307,0.25,0.09
2.0,0.0006003751499247332,0.25,0.1
1.6,0.2931540461883305,0.25,0.11
2.4,0.3935814630947264,0.25,0.12
1.8,0.2984108294981669,0.25,0.13
2.4,0.4988150312474636,0.25,0.14
2.2,0.498461267824381,0.25,0.15
2.4,0.49836277719160604,0.25,0.16
3.0,0.4995264283302322,0.25,0.17
2.6,0.49916247578910233,0.25,0.18
2.4,0.499367623379135,0.25,0.19
3.0,0.4983465760555351,0.25,0.2
2.8,0.4992715876537199,0.25,0.21
2.2,0.49987294601909216,0.25,0.22
2.6,0.4994612355097841,0.25,0.23
2.4,0.4999376441005571,0.25,0.24
2.2,0.4976063651238826,0.25,0.25
2.4,0.4984569905240576,0.25,0.26
2.2,0.4984668226785344,0.25,0.27
2.8,0.49967369772174575,0.25,0.28
2.8,0.4987374824774725,0.25,0.29
2.6,0.4913348032717403,0.25,0.3
2.0,0.494888657426195,0.25,0.31
2.2,0.3930366302238174,0.25,0.32
4.6,0.2828683287892497,0.25,0.33
5.4,0.16205835465094726,0.25,0.34
6.2,0.12057672662652644,0.25,0.35000000000000003
7.0,0.0033998963928893802,0.25,0.36
7.0,0.0030003727451174645,0.25,0.37
7.0,0.0030003727451174645,0.25,0.38
7.0,0.0030003727451174645,0.25,0.39
7.0,0.0030003727451174645,0.25,0.4
7.0,0.0030003727451174645,0.25,0.41000000000000003
7.0,0.0030003727451174645,0.25,0.42
7.0,0.0030003727451174645,0.25,0.43
7.0,0.0037986372258143886,0.25,0.44
3.8,0.0018001735469203098,0.25,0.45
2.0,0.0005003502000499448,0.25,0.46
3.2,0.0015002740478216362,0.25,0.47000000000000003
2.8,0.0010005250495741485,0.25,0.48
2.6,0.0009004750496242374,0.25,0.49
2.4,0.0007003499996493318,0.25,0.5
2.0,0.0005003000998997384,0.26,0.0
1.2,0.000100075050025014,0.26,0.01
1.6,0.000300225150075042,0.26,0.02
1.4,0.000200150100050028,0.26,0.03
1.8,0.0004002751500249307,0.26,0.04
2.0,0.0005003000998997384,0.26,0.05
1.6,0.00040025009994983064,0.26,0.06
1.2,0.000100075050025014,0.26,0.07
1.6,0.0003002000999999167,0.26,0.08
1.2,0.000100075050025014,0.26,0.09
1.4,0.0002001250499749027,0.26,0.1
1.6,0.09873914830746663,0.26,0.11
2.2,0.1968419746072399,0.26,0.12
2.0,0.39508561990418856,0.26,0.13
2.2,0.49557481655830016,0.26,0.14
2.8,0.4946582092603114,0.26,0.15
2.2,0.49796614682750817,0.26,0.16
2.6,0.49685279623968315,0.26,0.17
2.8,0.4983182193705217,0.26,0.18
2.2,0.49880328276224173,0.26,0.19
2.4,0.4986826040254469,0.26,0.2
2.2,0.4991357410964518,0.26,0.21
2.4,0.4985914154895637,0.26,0.22
2.8,0.49934004324644976,0.26,0.23
2.6,0.49667219146073,0.26,0.24
2.8,0.4995425292660027,0.26,0.25
2.6,0.4989098269941613,0.26,0.26
3.2,0.49877398669941214,0.26,0.27
3.6,0.49728611243876514,0.26,0.28
2.8,0.49232305378451524,0.26,0.29
2.8,0.4984090634678722,0.26,0.3
2.8,0.49675128081033987,0.26,0.31
3.4,0.48051184943702463,0.26,0.32
2.6,0.3953719923627332,0.26,0.33
4.0,0.33224515807098387,0.26,0.34
6.4,0.05913423433443452,0.26,0.35000000000000003
7.0,0.0030003727451174645,0.26,0.36
7.0,0.0030003727451174645,0.26,0.37
7.0,0.0030003727451174645,0.26,0.38
7.0,0.0030003727451174645,0.26,0.39
7.0,0.0030003727451174645,0.26,0.4
7.0,0.0030003727451174645,0.26,0.41000000000000003
7.0,0.0030003727451174645,0.26,0.42
7.0,0.0030003727451174645,0.26,0.43
7.0,0.0030003727451174645,0.26,0.44
7.0,0.0030003727451174645,0.26,0.45
7.0,0.0030003727451174645,0.26,0.46
7.0,0.0030003727451174645,0.26,0.47000000000000003
2.6,0.0009004750496242374,0.26,0.48
2.6,0.0008004500997494711,0.26,0.49
3.2,0.0013005748491234494,0.26,0.5
1.4,0.000200150100050028,0.27,0.0
1.2,0.000100075050025014,0.27,0.01
1.6,0.0003002000999999167,0.27,0.02
1.6,0.000300225150075042,0.27,0.03
1.6,0.00040025009994983053,0.27,0.04
1.6,0.0004001999997996243,0.27,0.05
1.4,0.000200150100050028,0.27,0.06
1.8,0.0004002751500249307,0.27,0.07
1.0,0.0,0.27,0.08
1.8,0.0005002750498246382,0.27,0.09
1.6,0.0003002000999999167,0.27,0.1
1.4,0.09685426166907649,0.27,0.11
1.6,0.19677070714358008,0.27,0.12
2.0,0.29234651944236534,0.27,0.13
2.0,0.39179690826963104,0.27,0.14
2.0,0.2973454811167524,0.27,0.15
2.0,0.4966133488343199,0.27,0.16
2.6,0.4958656729802876,0.27,0.17
2.4,0.4954344923001079,0.27,0.18
2.2,0.49767144521899276,0.27,0.19
2.2,0.4971253974194415,0.27,0.2
3.2,0.4985295668541414,0.27,0.21
2.0,0.49599010922834746,0.27,0.22
2.8,0.4953439989038088,0.27,0.23
2.6,0.4976433828723619,0.27,0.24
2.8,0.49839976362749133,0.27,0.25
2.4,0.49724935145355564,0.27,0.26
2.8,0.49719049003958915,0.27,0.27
2.0,0.4954055218882546,0.27,0.28
3.0,0.4919757845934022,0.27,0.29
2.2,0.49054692204717226,0.27,0.3
2.2,0.39538346529712903,0.27,0.31
2.6,0.4824282365448531,0.27,0.32
4.2,0.08467919245571903,0.27,0.33
4.6,0.12825953455958466,0.27,0.34
6.0,0.07115215816417017,0.27,0.35000000000000003
6.8,0.040921984296608926,0.27,0.36
7.0,0.0032001470940409963,0.27,0.37
7.0,0.0032001470940409963,0.27,0.38
7.0,0.0030003727451174645,0.27,0.39
7.0,0.0030003727451174645,0.27,0.4
7.0,0.0030003727451174645,0.27,0.41000000000000003
7.0,0.0030003727451174645,0.27,0.42
7.0,0.0030003727451174645,0.27,0.43
7.0,0.0030003727451174645,0.27,0.44
7.0,0.0030003727451174645,0.27,0.45
7.0,0.0032999966933900853,0.27,0.46
7.0,0.0030003727451174645,0.27,0.47000000000000003
7.0,0.0030003727451174645,0.27,0.48
7.0,0.0030003727451174645,0.27,0.49
6.0,0.0025003732461189856,0.27,0.5
1.6,0.0005002750498246192,0.28,0.0
2.0,0.0005003251499748195,0.28,0.01
1.2,0.000100075050025014,0.28,0.02
1.2,0.00030007484962441005,0.28,0.03
1.2,0.000100075050025014,0.28,0.04
1.0,0.0,0.28,0.05
1.6,0.000300225150075042,0.28,0.06
1.2,0.000100075050025014,0.28,0.07
1.4,0.0003001750499248165,0.28,0.08
1.4,0.000200150100050028,0.28,0.09
1.4,0.000200150100050028,0.28,0.1
1.8,0.0004002751500249307,0.28,0.11
1.2,0.000100075050025014,0.28,0.12
2.2,0.29504031684336995,0.28,0.13
1.8,0.29301175549924297,0.28,0.14
1.8,0.0004002751500249307,0.28,0.15
1.8,0.3962603619635652,0.28,0.16
1.8,0.3926297230664098,0.28,0.17
2.2,0.29807349892434976,0.28,0.18
2.0,0.4924388164440717,0.28,0.19
2.2,0.4954064111659207,0.28,0.2
2.2,0.4936701340980621,0.28,0.21
2.6,0.495452196440685,0.28,0.22
2.0,0.39595683020357697,0.28,0.23
2.4,0.4982586628169711,0.28,0.24
2.2,0.39794955741527316,0.28,0.25
2.6,0.39761108706303905,0.28,0.26
3.0,0.3976508791073356,0.28,0.27
2.2,0.3951250862975087,0.28,0.28
1.4,0.19728792856920987,0.28,0.29
2.2,0.09744338933528125,0.28,0.3
2.2,0.0006003500998496272,0.28,0.31
2.6,0.0008004250496743236,0.28,0.32
4.4,0.003197347748148581,0.28,0.33
4.4,0.002299715882048246,0.28,0.34
6.4,0.0027004481959436817,0.28,0.35000000000000003
7.0,0.040714256548841116,0.28,0.36
6.8,0.004596663730797856,0.28,0.37
7.0,0.0032999716433149847,0.28,0.38
7.0,0.004397340283226173,0.28,0.39
7.0,0.0030003727451174645,0.28,0.4
7.0,0.0032001470940409963,0.28,0.41000000000000003
7.0,0.0030003727451174645,0.28,0.42
7.0,0.0030003727451174645,0.28,0.43
7.0,0.0030003727451174645,0.28,0.44
7.0,0.0030003727451174645,0.28,0.45
7.0,0.0030003727451174645,0.28,0.46
7.0,0.0030003727451174645,0.28,0.47000000000000003
7.0,0.0030003727451174645,0.28,0.48
7.0,0.00310027244461676,0.28,0.49
7.0,0.00310027244461676,0.28,0.5
1.4,0.0002001250499749027,0.29,0.0
2.0,0.000600325049774527,0.29,0.01
1.0,0.0,0.29,0.02
1.4,0.000200150100050028,0.29,0.03
1.8,0.0005003000998997193,0.29,0.04
1.4,0.000200150100050028,0.29,0.05
1.6,0.000300225150075042,0.29,0.06
1.8,0.0004002500999498054,0.29,0.07
1.4,0.000200150100050028,0.29,0.08
2.2,0.0006004001999998334,0.29,0.09
1.6,0.000300225150075042,0.29,0.1
1.8,0.0004002751500249307,0.29,0.11
1.2,0.000100075050025014,0.29,0.12
1.6,0.0003002000999999167,0.29,0.13
1.6,0.09774686473260048,0.29,0.14
1.4,0.000200150100050028,0.29,0.15
1.4,0.000200150100050028,0.29,0.16
1.0,0.0,0.29,0.17
2.0,0.2939122054987921,0.29,0.18
1.6,0.097949450952454,0.29,0.19
1.2,0.09707810287765244,0.29,0.2
1.6,0.19858173363553747,0.29,0.21
1.8,0.1940106773440107,0.29,0.22
2.4,0.2904144134124114,0.29,0.23
1.2,0.099299975651327,0.29,0.24
2.6,0.1998325214603994,0.29,0.25
1.6,0.10014904168432699,0.29,0.26
1.2,0.000100075050025014,0.29,0.27
2.0,0.0005003000998997384,0.29,0.28
1.2,0.000100075050025014,0.29,0.29
2.4,0.0007003750497244349,0.29,0.3
2.4,0.0009003998993989534,0.29,0.31
4.2,0.0029980618756895758,0.29,0.32
5.2,0.0031988444901358062,0.29,0.33
6.0,0.003099996893790732,0.29,0.34
6.8,0.003499821142463782,0.29,0.35000000000000003
6.4,0.0030998716434151885,0.29,0.36
7.0,0.0033998713428142805,0.29,0.37
7.0,0.003899069239409591,0.29,0.38
7.0,0.0035996707418129116,0.29,0.39
7.0,0.0032001470940409963,0.29,0.4
7.0,0.0030003727451174645,0.29,0.41000000000000003
7.0,0.0030003727451174645,0.29,0.42
7.0,0.0032999966933900853,0.29,0.43
7.0,0.00310027244461676,0.29,0.44
7.0,0.0030003727451174645,0.29,0.45
7.0,0.00310027244461676,0.29,0.46
7.0,0.0030003727451174645,0.29,0.47000000000000003
7.0,0.0030003727451174645,0.29,0.48
7.0,0.0033997711425138707,0.29,0.49
7.0,0.0030003727451174645,0.29,0.5
2.4,0.0010002745488231484,0.3,0.0
1.4,0.000200150100050028,0.3,0.01
1.2,0.00020009999989980257,0.3,0.02
1.2,0.000100075050025014,0.3,0.03
1.2,0.000100075050025014,0.3,0.04
1.4,0.000200150100050028,0.3,0.05
1.2,0.00020009999989980257,0.3,0.06
1.2,0.000100075050025014,0.3,0.07
1.8,0.0005002750498246383,0.3,0.08
1.2,0.000100075050025014,0.3,0.09
1.0,0.0,0.3,0.1
1.2,0.00020009999989980257,0.3,0.11
1.2,0.000100075050025014,0.3,0.12
1.4,0.000200150100050028,0.3,0.13
1.2,0.000100075050025014,0.3,0.14
1.2,0.000100075050025014,0.3,0.15
1.2,0.000100075050025014,0.3,0.16
1.8,0.000400300200100056,0.3,0.17
1.4,0.000200150100050028,0.3,0.18
1.4,0.09634096058019984,0.3,0.19
1.6,0.0003002000999999167,0.3,0.2
1.4,0.000200150100050028,0.3,0.21
1.2,0.000100075050025014,0.3,0.22
2.0,0.0005003502000499447,0.3,0.23
2.4,0.0009004249494740373,0.3,0.24
1.4,0.0002001250499749027,0.3,0.25
1.8,0.0005003000998997193,0.3,0.26
1.6,0.0003002000999999167,0.3,0.27
1.6,0.000300225150075042,0.3,0.28
2.8,0.0011004497991485688,0.3,0.29
2.0,0.0005003502000499447,0.3,0.3
2.6,0.0014000549598648271,0.3,0.31
4.6,0.0031980804628452897,0.3,0.32
4.8,0.004792799556313097,0.3,0.33
4.8,0.003198230763295884,0.3,0.34
6.4,0.0036989128768408234,0.3,0.35000000000000003
7.0,0.003399896392889428,0.3,0.36
7.0,0.006083391950509097,0.3,0.37
6.8,0.0037987687387086703,0.3,0.38
7.0,0.00310027244461676,0.3,0.39
7.0,0.0034998211424638235,0.3,0.4
7.0,0.004597264932600299,0.3,0.41000000000000003
7.0,0.0033000467935402913,0.3,0.42
7.0,0.0041976849221594045,0.3,0.43
7.0,0.0030003727451174645,0.3,0.44
7.0,0.00518829640451261,0.3,0.45
7.0,0.0033998212426640715,0.3,0.46
7.0,0.0033000467935402913,0.3,0.47000000000000003
7.0,0.0030003727451174645,0.3,0.48
7.0,0.003899044189334491,0.3,0.49
7.0,0.0030003727451174645,0.3,0.5
1.0,0.0,0.31,0.0
1.4,0.000200150100050028,0.31,0.01
1.4,0.000200150100050028,0.31,0.02
1.4,0.000200150100050028,0.31,0.03
1.2,0.000100075050025014,0.31,0.04
1.0,0.0,0.31,0.05
1.6,0.000500224949674438,0.31,0.06
1.2,0.000100075050025014,0.31,0.07
1.4,0.0002001250499749027,0.31,0.08
1.2,0.000100075050025014,0.31,0.09
1.2,0.000100075050025014,0.31,0.1
1.0,0.0,0.31,0.11
1.8,0.0004002751500249307,0.31,0.12
1.4,0.0005998177857537375,0.31,0.13
1.4,0.000200150100050028,0.31,0.14
1.6,0.0003002000999999167,0.31,0.15
1.6,0.000300225150075042,0.31,0.16
1.2,0.000100075050025014,0.31,0.17
2.2,0.0008003749495241235,0.31,0.18
1.4,0.0003001750499248165,0.31,0.19
1.4,0.00030012494977461033,0.31,0.2
1.4,0.000200150100050028,0.31,0.21
1.2,0.000100075050025014,0.31,0.22
1.8,0.0004002751500249307,0.31,0.23
2.0,0.0005002249496744291,0.31,0.24
2.0,0.0005003000998997385,0.31,0.25
1.2,0.00030007484962441005,0.31,0.26
1.6,0.0006001997993990203,0.31,0.27
2.2,0.0006003500998496272,0.31,0.28
2.6,0.0012000739478217801,0.31,0.29
2.2,0.0007003499996493571,0.31,0.3
4.0,0.0020003236469703436,0.31,0.31
2.6,0.0011004497991485497,0.31,0.32
5.2,0.0032981993505017252,0.31,0.33
4.6,0.0027999971943916584,0.31,0.34
5.6,0.004793732671610573,0.31,0.35000000000000003
5.2,0.003297798549300094,0.31,0.36
7.0,0.0063844813281751026,0.31,0.37
6.6,0.0038984680376072055,0.31,0.38
7.0,0.0033000467935402913,0.31,0.39
5.4,0.0028995211427643905,0.31,0.4
7.0,0.0036991946901856502,0.31,0.41000000000000003
6.8,0.006082177021866738,0.31,0.42
7.0,0.003899019139259382,0.31,0.43
6.8,0.003997584922259576,0.31,0.44
7.0,0.0033998963928893802,0.31,0.45
7.0,0.0033999214429645285,0.31,0.46
7.0,0.004097885422960498,0.31,0.47000000000000003
6.8,0.0037990442895347956,0.31,0.48
7.0,0.0034996958920882663,0.31,0.49
7.0,0.0032001470940409963,0.31,0.5
1.4,0.000200150100050028,0.32,0.0
2.0,0.0005002249496744291,0.32,0.01
1.8,0.0005003251499748445,0.32,0.02
1.2,0.000100075050025014,0.32,0.03
1.6,0.0003002000999999167,0.32,0.04
1.2,0.000100075050025014,0.32,0.05
1.6,0.0003002000999999167,0.32,0.06
1.4,0.000200150100050028,0.32,0.07
1.2,0.000100075050025014,0.32,0.08
1.6,0.000300225150075042,0.32,0.09
2.2,0.0006003500998496272,0.32,0.1
1.2,0.000100075050025014,0.32,0.11
2.4,0.0007002497993489193,0.32,0.12
1.4,0.0002001250499749027,0.32,0.13
1.8,0.0004002751500249307,0.32,0.14
1.6,0.000300225150075042,0.32,0.15
1.2,0.000100075050025014,0.32,0.16
1.6,0.00040025009994983053,0.32,0.17
1.6,0.000300225150075042,0.32,0.18
1.4,0.000200150100050028,0.32,0.19
1.6,0.000300225150075042,0.32,0.2
1.8,0.000500249999749513,0.32,0.21
1.6,0.0003001499998497105,0.32,0.22
1.4,0.0003001750499248165,0.32,0.23
1.6,0.0005000495991487163,0.32,0.24
1.2,0.000100075050025014,0.32,0.25
2.0,0.0005003000998997385,0.32,0.26
1.8,0.0005002750498246382,0.32,0.27
3.0,0.0012005248491735385,0.32,0.28
1.8,0.0004002751500249307,0.32,0.29
3.2,0.0017003489976463355,0.32,0.3
4.0,0.0030981306631958005,0.32,0.31
4.4,0.0019004239474710363,0.32,0.32
4.4,0.0021999977955934093,0.32,0.33
4.8,0.003297998949900894,0.32,0.34
6.6,0.003996169593016462,0.32,0.35000000000000003
5.6,0.0033989006524042195,0.32,0.36
5.2,0.003498412075739467,0.32,0.37
5.0,0.0035977919861803986,0.32,0.38
6.0,0.003698618538458394,0.32,0.39
5.6,0.003399144890636395,0.32,0.4
6.8,0.0036995704413122547,0.32,0.41000000000000003
7.0,0.004098668237807407,0.32,0.42
4.6,0.0034977920863807333,0.32,0.43
6.6,0.003998643287932603,0.32,0.44
6.6,0.004596006166326509,0.32,0.45
6.4,0.005192223003784604,0.32,0.46
7.0,0.0045972148324500495,0.32,0.47000000000000003
6.8,0.005192987031075136,0.32,0.48
6.4,0.004396858069280541,0.32,0.49
6.2,0.002800172544917306,0.32,0.5
1.4,0.000200150100050028,0.33,0.0
1.0,0.0,0.33,0.01
1.2,0.000100075050025014,0.33,0.02
1.6,0.000300225150075042,0.33,0.03
1.2,0.000100075050025014,0.33,0.04
1.0,0.0,0.33,0.05
1.2,0.000100075050025014,0.33,0.06
1.6,0.0003002000999999167,0.33,0.07
1.0,0.0,0.33,0.08
1.4,0.000200150100050028,0.33,0.09
1.0,0.0,0.33,0.1
1.6,0.0003002000999999167,0.33,0.11
2.0,0.0005003000998997385,0.33,0.12
1.0,0.0,0.33,0.13
1.2,0.000100075050025014,0.33,0.14
1.2,0.000100075050025014,0.33,0.15
1.4,0.000200150100050028,0.33,0.16
1.8,0.0005001998995993291,0.33,0.17
1.8,0.0004002751500249307,0.33,0.18
1.6,0.0005002249496744129,0.33,0.19
1.4,0.000200150100050028,0.33,0.2
1.8,0.00040022504987472445,0.33,0.21
1.4,0.000200150100050028,0.33,0.22
1.4,0.00030012494977461033,0.33,0.23
2.2,0.0006004001999998334,0.33,0.24
1.6,0.0003002000999999167,0.33,0.25
2.0,0.0005003251499748195,0.33,0.26
1.8,0.0004002751500249307,0.33,0.27
3.8,0.0017005994983973548,0.33,0.28
4.6,0.0024996968940913366,0.33,0.29
2.6,0.001100499899298756,0.33,0.3
4.2,0.002499502756009322,0.33,0.31
4.0,0.001700624548472452,0.33,0.32
3.0,0.0010005751497243517,0.33,0.33
5.0,0.0024002981960940147,0.33,0.34
5.8,0.0036947608268929634,0.33,0.35000000000000003
6.0,0.0037965831196562693,0.33,0.36
4.6,0.0022004737470203437,0.33,0.37
4.0,0.0021004988972957448,0.33,0.38
4.4,0.003098844590336127,0.33,0.39
6.0,0.003299094890686499,0.33,0.4
4.8,0.00240034829624424,0.33,0.41000000000000003
5.0,0.0030984124765406395,0.33,0.42
5.4,0.0030992453915376843,0.33,0.43
5.2,0.0034985623761900663,0.33,0.44
5.4,0.0028999720441162924,0.33,0.45
5.6,0.0028001224447670643,0.33,0.46
5.4,0.003997760272785348,0.33,0.47000000000000003
5.0,0.003099070041012038,0.33,0.48
5.6,0.003199671142614148,0.33,0.49
7.0,0.003998417837256703,0.33,0.5
1.0,0.0,0.34,0.0
2.0,0.0006003751499247332,0.34,0.01
1.2,0.000100075050025014,0.34,0.02
2.0,0.000600325049774527,0.34,0.03
1.8,0.00040022504987472445,0.34,0.04
1.4,0.000200150100050028,0.34,0.05
1.6,0.0004001999997996243,0.34,0.06
1.0,0.0,0.34,0.07
1.4,0.000200150100050028,0.34,0.08
1.2,0.000100075050025014,0.34,0.09
1.0,0.0,0.34,0.1
1.4,0.000200150100050028,0.34,0.11
1.6,0.00040025009994983053,0.34,0.12
1.2,0.000100075050025014,0.34,0.13
1.6,0.000300225150075042,0.34,0.14
1.2,0.000100075050025014,0.34,0.15
1.0,0.0,0.34,0.16
1.6,0.0003002000999999167,0.34,0.17
2.2,0.0006004001999998334,0.34,0.18
1.4,0.000200150100050028,0.34,0.19
1.8,0.0004002751500249307,0.34,0.2
1.6,0.000300225150075042,0.34,0.21
2.0,0.0005003251499748195,0.34,0.22
1.8,0.0004002751500249307,0.34,0.23
2.4,0.0007004501999497221,0.34,0.24
2.2,0.0006004001999998334,0.34,0.25
2.0,0.000700199699198719,0.34,0.26
2.6,0.0008004500997494489,0.34,0.27
1.4,0.000200150100050028,0.34,0.28
3.2,0.001999340431522661,0.34,0.29
3.4,0.0014006498991484412,0.34,0.3
3.2,0.0013005497990483464,0.34,0.31
3.2,0.0017002738474210296,0.34,0.32
3.6,0.0021995782068355008,0.34,0.33
3.2,0.0016003490978466473,0.34,0.34
4.6,0.00249992234476722,0.34,0.35000000000000003
4.2,0.00190044899754612,0.34,0.36
3.4,0.0020996972948925316,0.34,0.37
4.0,0.0020998914329745594,0.34,0.38
5.2,0.0025002479957435516,0.34,0.39
3.4,0.0019003237471706728,0.34,0.4
4.8,0.002799070341612887,0.34,0.41000000000000003
4.6,0.003298412276140081,0.34,0.42
4.8,0.0037952241530820564,0.34,0.43
4.8,0.0023003984965947804,0.34,0.44
4.2,0.002200173146119115,0.34,0.45
4.4,0.0023000728456184357,0.34,0.46
4.6,0.003298274500727008,0.34,0.47000000000000003
4.8,0.0028994459925391703,0.34,0.48
5.2,0.00289987184381588,0.34,0.49
4.2,0.0031973602731861237,0.34,0.5
1.4,0.00030012494977461033,0.35000000000000003,0.0
1.2,0.000100075050025014,0.35000000000000003,0.01
2.0,0.0005003000998997384,0.35000000000000003,0.02
1.6,0.0003002000999999167,0.35000000000000003,0.03
2.0,0.000600325049774527,0.35000000000000003,0.04
1.6,0.0003002000999999167,0.35000000000000003,0.05
1.4,0.000200150100050028,0.35000000000000003,0.06
1.6,0.0004002250498747053,0.35000000000000003,0.07
1.4,0.000200150100050028,0.35000000000000003,0.08
1.2,0.000100075050025014,0.35000000000000003,0.09
2.0,0.0008003999995992546,0.35000000000000003,0.1
1.2,0.000100075050025014,0.35000000000000003,0.11
1.6,0.0004002250498747053,0.35000000000000003,0.12
1.0,0.0,0.35000000000000003,0.13
1.6,0.000300225150075042,0.35000000000000003,0.14
1.2,0.000100075050025014,0.35000000000000003,0.15
1.8,0.0004002751500249307,0.35000000000000003,0.16
1.6,0.000300225150075042,0.35000000000000003,0.17
1.4,0.000200150100050028,0.35000000000000003,0.18
1.6,0.00040025009994983053,0.35000000000000003,0.19
1.4,0.000200150100050028,0.35000000000000003,0.2
1.6,0.0003002000999999167,0.35000000000000003,0.21
1.8,0.000400300200100056,0.35000000000000003,0.22
2.4,0.0007004752500248474,0.35000000000000003,0.23
1.6,0.000300225150075042,0.35000000000000003,0.24
2.0,0.0005002750498246132,0.35000000000000003,0.25
1.8,0.0004002500999498054,0.35000000000000003,0.26
2.0,0.0007002998994991316,0.35000000000000003,0.27
2.2,0.0007003750497244157,0.35000000000000003,0.28
3.2,0.0015005245485726583,0.35000000000000003,0.29
2.0,0.000600325049774527,0.35000000000000003,0.3
3.0,0.0014999170842514282,0.35000000000000003,0.31
3.2,0.0016005494984474501,0.35000000000000003,0.32
2.6,0.0008004250496743236,0.35000000000000003,0.33
2.8,0.0014004745486227504,0.35000000000000003,0.34
2.2,0.0006004001999998334,0.35000000000000003,0.35000000000000003
2.4,0.0012003244485727506,0.35000000000000003,0.36
3.8,0.0016003240477715352,0.35000000000000003,0.37
3.0,0.001300449598747962,0.35000000000000003,0.38
3.2,0.001599653958262608,0.35000000000000003,0.39
2.8,0.0016999231463696702,0.35000000000000003,0.4
4.2,0.002898688227767371,0.35000000000000003,0.41000000000000003
4.4,0.00200012324636956,0.35000000000000003,0.42
2.6,0.0008003999995992205,0.35000000000000003,0.43
3.2,0.001500223947671421,0.35000000000000003,0.44
3.4,0.0013004495987479752,0.35000000000000003,0.45
4.8,0.0031983873262652527,0.35000000000000003,0.46
3.6,0.0021001732463194664,0.35000000000000003,0.47000000000000003
3.2,0.0015002489977465018,0.35000000000000003,0.48
3.8,0.001900323747170642,0.35000000000000003,0.49
4.6,0.0025990705420134786,0.35000000000000003,0.5
1.4,0.0002001250499749027,0.36,0.0
1.4,0.000200150100050028,0.36,0.01
1.2,0.000100075050025014,0.36,0.02
1.6,0.0006998928357787515,0.36,0.03
1.2,0.000100075050025014,0.36,0.04
1.0,0.0,0.36,0.05
1.6,0.0003002000999999167,0.36,0.06
1.8,0.0004002751500249307,0.36,0.07
1.2,0.00020009999989980257,0.36,0.08
1.8,0.0004002751500249307,0.36,0.09
1.2,0.000100075050025014,0.36,0.1
1.4,0.00040014989964942406,0.36,0.11
2.0,0.0005003502000499447,0.36,0.12
1.6,0.0004002250498747053,0.36,0.13
2.4,0.0008003999995992456,0.36,0.14
1.2,0.000100075050025014,0.36,0.15
1.4,0.000200150100050028,0.36,0.16
1.4,0.0002001250499749027,0.36,0.17
1.2,0.000100075050025014,0.36,0.18
1.4,0.0002001250499749027,0.36,0.19
1.4,0.0003001750499248165,0.36,0.2
1.6,0.0003002000999999167,0.36,0.21
1.6,0.0005001748495242289,0.36,0.22
2.4,0.0007004752500248474,0.36,0.23
2.2,0.0006003500998496272,0.36,0.24
1.8,0.0004002500999498054,0.36,0.25
1.2,0.00020009999989980257,0.36,0.26
2.4,0.0007004501999497221,0.36,0.27
1.4,0.000200150100050028,0.36,0.28
2.0,0.0005003251499748194,0.36,0.29
2.0,0.0005003502000499447,0.36,0.3
2.2,0.0012000989978968094,0.36,0.31
2.6,0.0010001993985978331,0.36,0.32
2.6,0.0011002744486228308,0.36,0.33
2.0,0.0005003502000499448,0.36,0.34
1.6,0.000300225150075042,0.36,0.35000000000000003
2.6,0.001000224448672917,0.36,0.36
2.4,0.0008004500997494297,0.36,0.37
2.4,0.0008004500997494297,0.36,0.38
2.4,0.000800425049674371,0.36,0.39
2.0,0.0007002998994991566,0.36,0.4
2.8,0.0010004749494239421,0.36,0.41000000000000003
2.0,0.0006003500998496079,0.36,0.42
2.8,0.0012998045593141075,0.36,0.43
2.8,0.0009003748493238442,0.36,0.44
2.0,0.0008003999995992294,0.36,0.45
3.0,0.0013005748491234522,0.36,0.46
2.0,0.0008003498994490484,0.36,0.47000000000000003
2.0,0.000600325049774527,0.36,0.48
2.0,0.0005003251499748195,0.36,0.49
2.6,0.001000274548823098,0.36,0.5
1.6,0.000300225150075042,0.37,0.0
1.6,0.000500224949674438,0.37,0.01
1.0,0.0,0.37,0.02
1.4,0.000200150100050028,0.37,0.03
1.2,0.000100075050025014,0.37,0.04
1.8,0.0004002500999498054,0.37,0.05
1.6,0.000300225150075042,0.37,0.06
1.0,0.0,0.37,0.07
1.0,0.0,0.37,0.08
1.6,0.00040025009994983053,0.37,0.09
1.2,0.000100075050025014,0.37,0.1
1.0,0.0,0.37,0.11
1.2,0.000100075050025014,0.37,0.12
1.6,0.0004001999997996243,0.37,0.13
1.4,0.000200150100050028,0.37,0.14
2.2,0.0006003500998496272,0.37,0.15
1.0,0.0,0.37,0.16
1.2,0.000100075050025014,0.37,0.17
1.0,0.0,0.37,0.18
1.8,0.0004002751500249307,0.37,0.19
1.4,0.000200150100050028,0.37,0.2
1.8,0.0005003251499748445,0.37,0.21
1.2,0.000100075050025014,0.37,0.22
1.8,0.0005003000998997193,0.37,0.23
1.6,0.000500224949674438,0.37,0.24
2.2,0.0006003751499247525,0.37,0.25
1.4,0.000200150100050028,0.37,0.26
1.4,0.000200150100050028,0.37,0.27
1.4,0.0002001250499749027,0.37,0.28
1.4,0.0003001750499248165,0.37,0.29
1.6,0.000300225150075042,0.37,0.3
1.6,0.000300225150075042,0.37,0.31
2.6,0.001000449899348842,0.37,0.32
2.2,0.0009003748493238339,0.37,0.33
1.8,0.0004002751500249307,0.37,0.34
1.8,0.0004002751500249307,0.37,0.35000000000000003
2.4,0.0009003497992487472,0.37,0.36
1.6,0.00040012484957431505,0.37,0.37
1.8,0.00040022504987472445,0.37,0.38
1.6,0.0007996923349776587,0.37,0.39
1.4,0.000200150100050028,0.37,0.4
1.4,0.000200150100050028,0.37,0.41000000000000003
2.6,0.001100499899298756,0.37,0.42
2.6,0.0009004249494740536,0.37,0.43
1.4,0.000200150100050028,0.37,0.44
1.8,0.000400300200100056,0.37,0.45
2.2,0.0007004501999497472,0.37,0.46
2.2,0.000700400099799541,0.37,0.47000000000000003
1.4,0.00040019999979960515,0.37,0.48
2.2,0.0009003998993989369,0.37,0.49
1.6,0.000300225150075042,0.37,0.5
1.0,0.0,0.38,0.0
1.4,0.000200150100050028,0.38,0.01
1.6,0.000300225150075042,0.38,0.02
1.0,0.0,0.38,0.03
1.2,0.000100075050025014,0.38,0.04
1.4,0.0003001750499248165,0.38,0.05
1.0,0.0,0.38,0.06
1.6,0.0003002000999999167,0.38,0.07
1.6,0.0003002000999999167,0.38,0.08
1.6,0.0003002000999999167,0.38,0.09
1.2,0.000100075050025014,0.38,0.1
1.6,0.0003002000999999167,0.38,0.11
1.6,0.0003002000999999167,0.38,0.12
1.0,0.0,0.38,0.13
1.6,0.0003002000999999167,0.38,0.14
1.8,0.0005003000998997193,0.38,0.15
1.2,0.000100075050025014,0.38,0.16
1.2,0.000100075050025014,0.38,0.17
1.6,0.0003001499998497105,0.38,0.18
1.2,0.000100075050025014,0.38,0.19
1.8,0.0005003000998997193,0.38,0.2
1.6,0.0003001499998497105,0.38,0.21
1.2,0.000100075050025014,0.38,0.22
1.2,0.000100075050025014,0.38,0.23
1.2,0.000100075050025014,0.38,0.24
1.8,0.0004002751500249307,0.38,0.25
1.0,0.0,0.38,0.26
1.2,0.000100075050025014,0.38,0.27
1.2,0.000100075050025014,0.38,0.28
1.8,0.0004002751500249307,0.38,0.29
1.4,0.000200150100050028,0.38,0.3
1.0,0.0,0.38,0.31
1.6,0.00040025009994983053,0.38,0.32
1.4,0.000200150100050028,0.38,0.33
1.2,0.000100075050025014,0.38,0.34
1.4,0.000200150100050028,0.38,0.35000000000000003
1.8,0.0004002751500249307,0.38,0.36
1.0,0.0,0.38,0.37
1.4,0.00040019999979960515,0.38,0.38
1.2,0.000100075050025014,0.38,0.39
1.2,0.000100075050025014,0.38,0.4
1.8,0.00040022504987472445,0.38,0.41000000000000003
1.4,0.000200150100050028,0.38,0.42
1.2,0.000100075050025014,0.38,0.43
2.2,0.0006004252500749587,0.38,0.44
1.2,0.000100075050025014,0.38,0.45
1.2,0.000100075050025014,0.38,0.46
2.0,0.0005003502000499448,0.38,0.47000000000000003
1.2,0.000100075050025014,0.38,0.48
1.4,0.000200150100050028,0.38,0.49
1.6,0.0004001999997996243,0.38,0.5
1.0,0.0,0.39,0.0
1.4,0.0002001250499749027,0.39,0.01
1.4,0.000200150100050028,0.39,0.02
2.0,0.0006002498995492176,0.39,0.03
1.4,0.000200150100050028,0.39,0.04
2.0,0.0005003502000499447,0.39,0.05
1.4,0.000200150100050028,0.39,0.06
1.0,0.0,0.39,0.07
1.2,0.000100075050025014,0.39,0.08
1.4,0.000200150100050028,0.39,0.09
1.0,0.0,0.39,0.1
1.6,0.000300225150075042,0.39,0.11
1.8,0.0004002751500249307,0.39,0.12
1.2,0.000100075050025014,0.39,0.13
1.2,0.000100075050025014,0.39,0.14
1.6,0.00040025009994983053,0.39,0.15
1.2,0.000100075050025014,0.39,0.16
1.4,0.000200150100050028,0.39,0.17
1.0,0.0,0.39,0.18
1.2,0.000100075050025014,0.39,0.19
1.2,0.000100075050025014,0.39,0.2
1.4,0.000200150100050028,0.39,0.21
1.2,0.000100075050025014,0.39,0.22
1.2,0.000100075050025014,0.39,0.23
1.8,0.0004002751500249307,0.39,0.24
1.2,0.000100075050025014,0.39,0.25
1.2,0.000100075050025014,0.39,0.26
1.4,0.0002001250499749027,0.39,0.27
1.2,0.00020009999989980257,0.39,0.28
1.4,0.000200150100050028,0.39,0.29
1.2,0.000100075050025014,0.39,0.3
1.4,0.000200150100050028,0.39,0.31
1.0,0.0,0.39,0.32
1.2,0.000100075050025014,0.39,0.33
1.2,0.000100075050025014,0.39,0.34
1.0,0.0,0.39,0.35000000000000003
1.2,0.00020009999989980257,0.39,0.36
1.2,0.000100075050025014,0.39,0.37
1.4,0.0005000746492238283,0.39,0.38
1.4,0.000200150100050028,0.39,0.39
1.0,0.0,0.39,0.4
1.2,0.00020009999989980257,0.39,0.41000000000000003
1.2,0.000100075050025014,0.39,0.42
2.2,0.0008002246490735269,0.39,0.43
1.4,0.00030012494977461033,0.39,0.44
1.2,0.000100075050025014,0.39,0.45
1.2,0.000100075050025014,0.39,0.46
1.4,0.000200150100050028,0.39,0.47000000000000003
1.6,0.00040025009994983064,0.39,0.48
1.2,0.000100075050025014,0.39,0.49
1.0,0.0,0.39,0.5
1.0,0.0,0.4,0.0
1.2,0.000100075050025014,0.4,0.01
1.8,0.0005003251499748446,0.4,0.02
1.2,0.000100075050025014,0.4,0.03
1.2,0.000100075050025014,0.4,0.04
1.6,0.0003002000999999167,0.4,0.05
1.2,0.000100075050025014,0.4,0.06
1.2,0.000100075050025014,0.4,0.07
1.4,0.000200150100050028,0.4,0.08
1.0,0.0,0.4,0.09
1.4,0.0002001250499749027,0.4,0.1
1.0,0.0,0.4,0.11
1.4,0.000200150100050028,0.4,0.12
1.0,0.0,0.4,0.13
1.0,0.0,0.4,0.14
1.2,0.000100075050025014,0.4,0.15
1.2,0.000100075050025014,0.4,0.16
1.2,0.000100075050025014,0.4,0.17
1.2,0.000100075050025014,0.4,0.18
1.0,0.0,0.4,0.19
1.2,0.000100075050025014,0.4,0.2
1.4,0.0002001250499749027,0.4,0.21
1.4,0.000200150100050028,0.4,0.22
1.4,0.0002001250499749027,0.4,0.23
1.0,0.0,0.4,0.24
1.4,0.000200150100050028,0.4,0.25
1.0,0.0,0.4,0.26
1.0,0.0,0.4,0.27
1.0,0.0,0.4,0.28
1.0,0.0,0.4,0.29
1.0,0.0,0.4,0.3
1.0,0.0,0.4,0.31
2.0,0.0005003502000499447,0.4,0.32
1.2,0.000100075050025014,0.4,0.33
1.0,0.0,0.4,0.34
1.0,0.0,0.4,0.35000000000000003
1.0,0.0,0.4,0.36
1.2,0.000100075050025014,0.4,0.37
1.2,0.000100075050025014,0.4,0.38
1.2,0.000100075050025014,0.4,0.39
1.4,0.000200150100050028,0.4,0.4
1.2,0.00030007484962441005,0.4,0.41000000000000003
1.0,0.0,0.4,0.42
1.2,0.00020009999989980257,0.4,0.43
1.0,0.0,0.4,0.44
1.0,0.0,0.4,0.45
1.4,0.000200150100050028,0.4,0.46
1.2,0.000100075050025014,0.4,0.47000000000000003
1.0,0.0,0.4,0.48
1.2,0.000100075050025014,0.4,0.49
1.2,0.000100075050025014,0.4,0.5
2.2,0.0008003498994490453,0.41000000000000003,0.0
1.6,0.000300225150075042,0.41000000000000003,0.01
1.2,0.000100075050025014,0.41000000000000003,0.02
1.2,0.000100075050025014,0.41000000000000003,0.03
1.8,0.0004002751500249307,0.41000000000000003,0.04
1.0,0.0,0.41000000000000003,0.05
1.0,0.0,0.41000000000000003,0.06
1.0,0.0,0.41000000000000003,0.07
1.2,0.000100075050025014,0.41000000000000003,0.08
1.4,0.000200150100050028,0.41000000000000003,0.09
1.0,0.0,0.41000000000000003,0.1
1.2,0.000100075050025014,0.41000000000000003,0.11
1.0,0.0,0.41000000000000003,0.12
1.4,0.000200150100050028,0.41000000000000003,0.13
1.2,0.00020009999989980257,0.41000000000000003,0.14
1.2,0.00020009999989980257,0.41000000000000003,0.15
1.0,0.0,0.41000000000000003,0.16
1.2,0.000100075050025014,0.41000000000000003,0.17
1.2,0.000100075050025014,0.41000000000000003,0.18
1.0,0.0,0.41000000000000003,0.19
1.0,0.0,0.41000000000000003,0.2
1.0,0.0,0.41000000000000003,0.21
1.0,0.0,0.41000000000000003,0.22
1.0,0.0,0.41000000000000003,0.23
1.0,0.0,0.41000000000000003,0.24
1.4,0.000200150100050028,0.41000000000000003,0.25
1.2,0.000100075050025014,0.41000000000000003,0.26
1.0,0.0,0.41000000000000003,0.27
1.4,0.000200150100050028,0.41000000000000003,0.28
1.0,0.0,0.41000000000000003,0.29
1.2,0.000100075050025014,0.41000000000000003,0.3
1.2,0.000100075050025014,0.41000000000000003,0.31
1.4,0.000200150100050028,0.41000000000000003,0.32
1.0,0.0,0.41000000000000003,0.33
1.0,0.0,0.41000000000000003,0.34
1.0,0.0,0.41000000000000003,0.35000000000000003
1.2,0.000100075050025014,0.41000000000000003,0.36
1.0,0.0,0.41000000000000003,0.37
1.0,0.0,0.41000000000000003,0.38
1.0,0.0,0.41000000000000003,0.39
1.0,0.0,0.41000000000000003,0.4
1.0,0.0,0.41000000000000003,0.41000000000000003
1.0,0.0,0.41000000000000003,0.42
1.0,0.0,0.41000000000000003,0.43
1.0,0.0,0.41000000000000003,0.44
1.0,0.0,0.41000000000000003,0.45
1.0,0.0,0.41000000000000003,0.46
1.0,0.0,0.41000000000000003,0.47000000000000003
1.0,0.0,0.41000000000000003,0.48
1.0,0.0,0.41000000000000003,0.49
1.0,0.0,0.41000000000000003,0.5
1.2,0.000100075050025014,0.42,0.0
1.6,0.000300225150075042,0.42,0.01
1.2,0.000100075050025014,0.42,0.02
1.0,0.0,0.42,0.03
1.6,0.0004001999997996243,0.42,0.04
1.2,0.000100075050025014,0.42,0.05
1.2,0.000100075050025014,0.42,0.06
1.6,0.00040025009994983053,0.42,0.07
1.0,0.0,0.42,0.08
1.0,0.0,0.42,0.09
1.2,0.000100075050025014,0.42,0.1
1.2,0.000100075050025014,0.42,0.11
1.0,0.0,0.42,0.12
1.0,0.0,0.42,0.13
1.2,0.000100075050025014,0.42,0.14
1.2,0.000100075050025014,0.42,0.15
1.0,0.0,0.42,0.16
1.0,0.0,0.42,0.17
1.0,0.0,0.42,0.18
1.0,0.0,0.42,0.19
1.4,0.0002001250499749027,0.42,0.2
1.0,0.0,0.42,0.21
1.0,0.0,0.42,0.22
1.2,0.000100075050025014,0.42,0.23
1.0,0.0,0.42,0.24
1.0,0.0,0.42,0.25
1.0,0.0,0.42,0.26
1.0,0.0,0.42,0.27
1.0,0.0,0.42,0.28
1.0,0.0,0.42,0.29
1.0,0.0,0.42,0.3
1.0,0.0,0.42,0.31
1.0,0.0,0.42,0.32
1.0,0.0,0.42,0.33
1.0,0.0,0.42,0.34
1.0,0.0,0.42,0.35000000000000003
1.2,0.00020009999989980257,0.42,0.36
1.0,0.0,0.42,0.37
1.0,0.0,0.42,0.38
1.0,0.0,0.42,0.39
1.2,0.000100075050025014,0.42,0.4
1.0,0.0,0.42,0.41000000000000003
1.2,0.000100075050025014,0.42,0.42
1.2,0.000100075050025014,0.42,0.43
1.0,0.0,0.42,0.44
1.2,0.00020009999989980257,0.42,0.45
1.0,0.0,0.42,0.46
1.0,0.0,0.42,0.47000000000000003
1.0,0.0,0.42,0.48
1.2,0.000100075050025014,0.42,0.49
1.0,0.0,0.42,0.5
1.0,0.0,0.43,0.0
1.2,0.00020009999989980257,0.43,0.01
1.4,0.000200150100050028,0.43,0.02
1.4,0.00030012494977461033,0.43,0.03
1.6,0.000300225150075042,0.43,0.04
1.0,0.0,0.43,0.05
1.2,0.000100075050025014,0.43,0.06
1.6,0.000300225150075042,0.43,0.07
1.0,0.0,0.43,0.08
1.2,0.000100075050025014,0.43,0.09
1.2,0.000100075050025014,0.43,0.1
1.0,0.0,0.43,0.11
1.2,0.00020009999989980257,0.43,0.12
1.2,0.000100075050025014,0.43,0.13
1.2,0.000100075050025014,0.43,0.14
1.6,0.0003002000999999167,0.43,0.15
1.0,0.0,0.43,0.16
1.0,0.0,0.43,0.17
1.0,0.0,0.43,0.18
1.0,0.0,0.43,0.19
1.0,0.0,0.43,0.2
1.0,0.0,0.43,0.21
1.0,0.0,0.43,0.22
1.0,0.0,0.43,0.23
1.0,0.0,0.43,0.24
1.0,0.0,0.43,0.25
1.2,0.000100075050025014,0.43,0.26
1.0,0.0,0.43,0.27
1.0,0.0,0.43,0.28
1.0,0.0,0.43,0.29
1.0,0.0,0.43,0.3
1.0,0.0,0.43,0.31
1.2,0.000100075050025014,0.43,0.32
1.0,0.0,0.43,0.33
1.0,0.0,0.43,0.34
1.0,0.0,0.43,0.35000000000000003
1.0,0.0,0.43,0.36
1.0,0.0,0.43,0.37
1.0,0.0,0.43,0.38
1.0,0.0,0.43,0.39
1.4,0.000200150100050028,0.43,0.4
1.0,0.0,0.43,0.41000000000000003
1.0,0.0,0.43,0.42
1.0,0.0,0.43,0.43
1.0,0.0,0.43,0.44
1.0,0.0,0.43,0.45
1.0,0.0,0.43,0.46
1.0,0.0,0.43,0.47000000000000003
1.0,0.0,0.43,0.48
1.0,0.0,0.43,0.49
1.0,0.0,0.43,0.5
1.2,0.000100075050025014,0.44,0.0
1.0,0.0,0.44,0.01
1.2,0.000100075050025014,0.44,0.02
1.4,0.0002001250499749027,0.44,0.03
1.0,0.0,0.44,0.04
1.2,0.000100075050025014,0.44,0.05
1.0,0.0,0.44,0.06
1.0,0.0,0.44,0.07
1.6,0.000300225150075042,0.44,0.08
1.0,0.0,0.44,0.09
1.2,0.000100075050025014,0.44,0.1
1.2,0.000100075050025014,0.44,0.11
1.0,0.0,0.44,0.12
1.0,0.0,0.44,0.13
1.0,0.0,0.44,0.14
1.0,0.0,0.44,0.15
1.0,0.0,0.44,0.16
1.0,0.0,0.44,0.17
1.0,0.0,0.44,0.18
1.0,0.0,0.44,0.19
1.0,0.0,0.44,0.2
1.0,0.0,0.44,0.21
1.0,0.0,0.44,0.22
1.0,0.0,0.44,0.23
1.0,0.0,0.44,0.24
1.0,0.0,0.44,0.25
1.0,0.0,0.44,0.26
1.0,0.0,0.44,0.27
1.0,0.0,0.44,0.28
1.0,0.0,0.44,0.29
1.0,0.0,0.44,0.3
1.0,0.0,0.44,0.31
1.0,0.0,0.44,0.32
1.0,0.0,0.44,0.33
1.0,0.0,0.44,0.34
1.0,0.0,0.44,0.35000000000000003
1.0,0.0,0.44,0.36
1.0,0.0,0.44,0.37
1.0,0.0,0.44,0.38
1.0,0.0,0.44,0.39
1.0,0.0,0.44,0.4
1.0,0.0,0.44,0.41000000000000003
1.0,0.0,0.44,0.42
1.2,0.000100075050025014,0.44,0.43
1.0,0.0,0.44,0.44
1.0,0.0,0.44,0.45
1.0,0.0,0.44,0.46
1.0,0.0,0.44,0.47000000000000003
1.0,0.0,0.44,0.48
1.0,0.0,0.44,0.49
1.0,0.0,0.44,0.5
1.2,0.000100075050025014,0.45,0.0
1.2,0.000100075050025014,0.45,0.01
1.2,0.000100075050025014,0.45,0.02
1.6,0.0003002000999999167,0.45,0.03
1.0,0.0,0.45,0.04
1.0,0.0,0.45,0.05
1.2,0.000100075050025014,0.45,0.06
1.0,0.0,0.45,0.07
1.0,0.0,0.45,0.08
1.0,0.0,0.45,0.09
1.0,0.0,0.45,0.1
1.0,0.0,0.45,0.11
1.4,0.0003001750499248165,0.45,0.12
1.0,0.0,0.45,0.13
1.0,0.0,0.45,0.14
1.0,0.0,0.45,0.15
1.0,0.0,0.45,0.16
1.0,0.0,0.45,0.17
1.0,0.0,0.45,0.18
1.0,0.0,0.45,0.19
1.0,0.0,0.45,0.2
1.0,0.0,0.45,0.21
1.0,0.0,0.45,0.22
1.0,0.0,0.45,0.23
1.0,0.0,0.45,0.24
1.0,0.0,0.45,0.25
1.0,0.0,0.45,0.26
1.0,0.0,0.45,0.27
1.0,0.0,0.45,0.28
1.0,0.0,0.45,0.29
1.0,0.0,0.45,0.3
1.0,0.0,0.45,0.31
1.0,0.0,0.45,0.32
1.0,0.0,0.45,0.33
1.0,0.0,0.45,0.34
1.0,0.0,0.45,0.35000000000000003
1.0,0.0,0.45,0.36
1.0,0.0,0.45,0.37
1.0,0.0,0.45,0.38
1.0,0.0,0.45,0.39
1.0,0.0,0.45,0.4
1.0,0.0,0.45,0.41000000000000003
1.0,0.0,0.45,0.42
1.0,0.0,0.45,0.43
1.0,0.0,0.45,0.44
1.0,0.0,0.45,0.45
1.0,0.0,0.45,0.46
1.0,0.0,0.45,0.47000000000000003
1.0,0.0,0.45,0.48
1.0,0.0,0.45,0.49
1.0,0.0,0.45,0.5
1.2,0.00020009999989980257,0.46,0.0
1.2,0.000100075050025014,0.46,0.01
1.2,0.000100075050025014,0.46,0.02
1.0,0.0,0.46,0.03
1.4,0.000200150100050028,0.46,0.04
1.0,0.0,0.46,0.05
1.0,0.0,0.46,0.06
1.0,0.0,0.46,0.07
1.0,0.0,0.46,0.08
1.0,0.0,0.46,0.09
1.0,0.0,0.46,0.1
1.2,0.000100075050025014,0.46,0.11
1.0,0.0,0.46,0.12
1.0,0.0,0.46,0.13
1.0,0.0,0.46,0.14
1.0,0.0,0.46,0.15
1.2,0.000100075050025014,0.46,0.16
1.0,0.0,0.46,0.17
1.0,0.0,0.46,0.18
1.0,0.0,0.46,0.19
1.0,0.0,0.46,0.2
1.0,0.0,0.46,0.21
1.0,0.0,0.46,0.22
1.0,0.0,0.46,0.23
1.0,0.0,0.46,0.24
1.0,0.0,0.46,0.25
1.0,0.0,0.46,0.26
1.0,0.0,0.46,0.27
1.0,0.0,0.46,0.28
1.0,0.0,0.46,0.29
1.0,0.0,0.46,0.3
1.0,0.0,0.46,0.31
1.0,0.0,0.46,0.32
1.0,0.0,0.46,0.33
1.0,0.0,0.46,0.34
1.0,0.0,0.46,0.35000000000000003
1.0,0.0,0.46,0.36
1.0,0.0,0.46,0.37
1.0,0.0,0.46,0.38
1.0,0.0,0.46,0.39
1.0,0.0,0.46,0.4
1.0,0.0,0.46,0.41000000000000003
1.0,0.0,0.46,0.42
1.0,0.0,0.46,0.43
1.0,0.0,0.46,0.44
1.0,0.0,0.46,0.45
1.0,0.0,0.46,0.46
1.0,0.0,0.46,0.47000000000000003
1.0,0.0,0.46,0.48
1.0,0.0,0.46,0.49
1.0,0.0,0.46,0.5
1.2,0.000100075050025014,0.47000000000000003,0.0
1.0,0.0,0.47000000000000003,0.01
1.0,0.0,0.47000000000000003,0.02
1.2,0.000100075050025014,0.47000000000000003,0.03
1.0,0.0,0.47000000000000003,0.04
1.0,0.0,0.47000000000000003,0.05
1.0,0.0,0.47000000000000003,0.06
1.2,0.000100075050025014,0.47000000000000003,0.07
1.0,0.0,0.47000000000000003,0.08
1.0,0.0,0.47000000000000003,0.09
1.0,0.0,0.47000000000000003,0.1
1.0,0.0,0.47000000000000003,0.11
1.0,0.0,0.47000000000000003,0.12
1.0,0.0,0.47000000000000003,0.13
1.0,0.0,0.47000000000000003,0.14
1.0,0.0,0.47000000000000003,0.15
1.0,0.0,0.47000000000000003,0.16
1.0,0.0,0.47000000000000003,0.17
1.0,0.0,0.47000000000000003,0.18
1.0,0.0,0.47000000000000003,0.19
1.0,0.0,0.47000000000000003,0.2
1.0,0.0,0.47000000000000003,0.21
1.0,0.0,0.47000000000000003,0.22
1.0,0.0,0.47000000000000003,0.23
1.0,0.0,0.47000000000000003,0.24
1.0,0.0,0.47000000000000003,0.25
1.0,0.0,0.47000000000000003,0.26
1.0,0.0,0.47000000000000003,0.27
1.0,0.0,0.47000000000000003,0.28
1.0,0.0,0.47000000000000003,0.29
1.0,0.0,0.47000000000000003,0.3
1.0,0.0,0.47000000000000003,0.31
1.0,0.0,0.47000000000000003,0.32
1.0,0.0,0.47000000000000003,0.33
1.0,0.0,0.47000000000000003,0.34
1.0,0.0,0.47000000000000003,0.35000000000000003
1.0,0.0,0.47000000000000003,0.36
1.0,0.0,0.47000000000000003,0.37
1.0,0.0,0.47000000000000003,0.38
1.0,0.0,0.47000000000000003,0.39
1.0,0.0,0.47000000000000003,0.4
1.0,0.0,0.47000000000000003,0.41000000000000003
1.0,0.0,0.47000000000000003,0.42
1.0,0.0,0.47000000000000003,0.43
1.0,0.0,0.47000000000000003,0.44
1.0,0.0,0.47000000000000003,0.45
1.0,0.0,0.47000000000000003,0.46
1.0,0.0,0.47000000000000003,0.47000000000000003
1.0,0.0,0.47000000000000003,0.48
1.0,0.0,0.47000000000000003,0.49
1.0,0.0,0.47000000000000003,0.5
1.4,0.000200150100050028,0.48,0.0
1.0,0.0,0.48,0.01
1.2,0.000100075050025014,0.48,0.02
1.0,0.0,0.48,0.03
1.2,0.000100075050025014,0.48,0.04
1.2,0.000100075050025014,0.48,0.05
1.2,0.000100075050025014,0.48,0.06
1.0,0.0,0.48,0.07
1.0,0.0,0.48,0.08
1.2,0.000100075050025014,0.48,0.09
1.0,0.0,0.48,0.1
1.0,0.0,0.48,0.11
1.0,0.0,0.48,0.12
1.0,0.0,0.48,0.13
1.0,0.0,0.48,0.14
1.0,0.0,0.48,0.15
1.0,0.0,0.48,0.16
1.0,0.0,0.48,0.17
1.0,0.0,0.48,0.18
1.0,0.0,0.48,0.19
1.0,0.0,0.48,0.2
1.0,0.0,0.48,0.21
1.0,0.0,0.48,0.22
1.0,0.0,0.48,0.23
1.0,0.0,0.48,0.24
1.0,0.0,0.48,0.25
1.0,0.0,0.48,0.26
1.0,0.0,0.48,0.27
1.0,0.0,0.48,0.28
1.0,0.0,0.48,0.29
1.0,0.0,0.48,0.3
1.0,0.0,0.48,0.31
1.0,0.0,0.48,0.32
1.0,0.0,0.48,0.33
1.0,0.0,0.48,0.34
1.0,0.0,0.48,0.35000000000000003
1.0,0.0,0.48,0.36
1.0,0.0,0.48,0.37
1.0,0.0,0.48,0.38
1.0,0.0,0.48,0.39
1.0,0.0,0.48,0.4
1.0,0.0,0.48,0.41000000000000003
1.0,0.0,0.48,0.42
1.0,0.0,0.48,0.43
1.0,0.0,0.48,0.44
1.0,0.0,0.48,0.45
1.0,0.0,0.48,0.46
1.0,0.0,0.48,0.47000000000000003
1.0,0.0,0.48,0.48
1.0,0.0,0.48,0.49
1.0,0.0,0.48,0.5
1.0,0.0,0.49,0.0
1.2,0.000100075050025014,0.49,0.01
1.2,0.000100075050025014,0.49,0.02
1.0,0.0,0.49,0.03
1.0,0.0,0.49,0.04
1.0,0.0,0.49,0.05
1.2,0.000100075050025014,0.49,0.06
1.0,0.0,0.49,0.07
1.0,0.0,0.49,0.08
1.0,0.0,0.49,0.09
1.0,0.0,0.49,0.1
1.0,0.0,0.49,0.11
1.0,0.0,0.49,0.12
1.0,0.0,0.49,0.13
1.0,0.0,0.49,0.14
1.0,0.0,0.49,0.15
1.0,0.0,0.49,0.16
1.0,0.0,0.49,0.17
1.0,0.0,0.49,0.18
1.0,0.0,0.49,0.19
1.0,0.0,0.49,0.2
1.0,0.0,0.49,0.21
1.0,0.0,0.49,0.22
1.0,0.0,0.49,0.23
1.0,0.0,0.49,0.24
1.0,0.0,0.49,0.25
1.0,0.0,0.49,0.26
1.0,0.0,0.49,0.27
1.0,0.0,0.49,0.28
1.0,0.0,0.49,0.29
1.0,0.0,0.49,0.3
1.0,0.0,0.49,0.31
1.0,0.0,0.49,0.32
1.0,0.0,0.49,0.33
1.0,0.0,0.49,0.34
1.0,0.0,0.49,0.35000000000000003
1.0,0.0,0.49,0.36
1.0,0.0,0.49,0.37
1.0,0.0,0.49,0.38
1.0,0.0,0.49,0.39
1.0,0.0,0.49,0.4
1.0,0.0,0.49,0.41000000000000003
1.0,0.0,0.49,0.42
1.0,0.0,0.49,0.43
1.0,0.0,0.49,0.44
1.0,0.0,0.49,0.45
1.0,0.0,0.49,0.46
1.0,0.0,0.49,0.47000000000000003
1.0,0.0,0.49,0.48
1.0,0.0,0.49,0.49
1.0,0.0,0.49,0.5
1.0,0.0,0.5,0.0
1.0,0.0,0.5,0.01
1.6,0.0003002000999999167,0.5,0.02
1.0,0.0,0.5,0.03
1.0,0.0,0.5,0.04
1.2,0.000100075050025014,0.5,0.05
1.0,0.0,0.5,0.06
1.0,0.0,0.5,0.07
1.0,0.0,0.5,0.08
1.0,0.0,0.5,0.09
1.0,0.0,0.5,0.1
1.0,0.0,0.5,0.11
1.0,0.0,0.5,0.12
1.0,0.0,0.5,0.13
1.0,0.0,0.5,0.14
1.0,0.0,0.5,0.15
1.0,0.0,0.5,0.16
1.0,0.0,0.5,0.17
1.0,0.0,0.5,0.18
1.0,0.0,0.5,0.19
1.0,0.0,0.5,0.2
1.0,0.0,0.5,0.21
1.0,0.0,0.5,0.22
1.0,0.0,0.5,0.23
1.0,0.0,0.5,0.24
1.0,0.0,0.5,0.25
1.0,0.0,0.5,0.26
1.0,0.0,0.5,0.27
1.0,0.0,0.5,0.28
1.0,0.0,0.5,0.29
1.0,0.0,0.5,0.3
1.0,0.0,0.5,0.31
1.0,0.0,0.5,0.32
1.0,0.0,0.5,0.33
1.0,0.0,0.5,0.34
1.0,0.0,0.5,0.35000000000000003
1.0,0.0,0.5,0.36
1.0,0.0,0.5,0.37
1.0,0.0,0.5,0.38
1.0,0.0,0.5,0.39
1.0,0.0,0.5,0.4
1.0,0.0,0.5,0.41000000000000003
1.0,0.0,0.5,0.42
1.0,0.0,0.5,0.43
1.0,0.0,0.5,0.44
1.0,0.0,0.5,0.45
1.0,0.0,0.5,0.46
1.0,0.0,0.5,0.47000000000000003
1.0,0.0,0.5,0.48
1.0,0.0,0.5,0.49
1.0,0.0,0.5,0.5
