epsilon/mu,0.00,0.01,0.02,0.03,0.04,0.05,0.06,0.07,0.08,0.09,0.10,0.11,0.12,0.13,0.14,0.15,0.16,0.17,0.18,0.19,0.20,0.21,0.22,0.23,0.24,0.25,0.26,0.27,0.28,0.29,0.30,0.31,0.32,0.33,0.34,0.35,0.36,0.37,0.38,0.39,0.40,0.41,0.42,0.43,0.44,0.45,0.46,0.47,0.48,0.49,0.50
0.00,0.0817012787407649,0.08339526891623006,0.08261250245035749,0.08262003237967767,0.08445823689834138,0.083254987932191,0.08471259039044976,0.08475620988295773,0.0840797463412575,0.08622303446184755,0.08585997583747947,0.08660652908077197,0.08590017089754332,0.08738009097321571,0.08735695959261186,0.08786405842466471,0.08907377256144607,0.08967428433452564,0.0898295433714426,0.09004174327729413,0.09080275802824549,0.09030086430438114,0.09096840217975279,0.09090776333561097,0.09158776101646415,0.09166163010182889,0.09186082905666924,0.09152824480702698,0.09353010829097802,0.09432887963861465,0.09327255241770523,0.09419854978724411,0.09306840654863303,0.09445637679569531,0.09466962227622235,0.09603429032858478,0.09477734285289785,0.09534679350034485,0.0970242844432999,0.09847251702956752,0.09672672479851287,0.09926793700036636,0.09960242956954445,0.09907659368451786,0.09977515690011594,0.1009822330668883,0.09965041213538675,0.09896439275550427,0.10126028008552244,0.10426314197093811,0.10349049645546751
0.01,0.08362398573695745,0.08425222416802378,0.08301262723109618,0.08370740270218441,0.08442715510484271,0.0834827913116554,0.08429777311650546,0.08407570892473988,0.08423866849355445,0.08483133434025796,0.0840744386239338,0.08504611572068957,0.08546305179827073,0.08642413538696092,0.08628470990942883,0.08590416729968543,0.08658609230319812,0.08675847289645416,0.08637501781583219,0.08717763953285732,0.08720952512672223,0.08704681341322353,0.08857881848637296,0.08851250855545874,0.08837448137041386,0.0890312875029497,0.08799710634283263,0.08971796887805002,0.08826794232366506,0.09068741552833731,0.09023024888857646,0.09016388710551926,0.09024162078449859,0.09031447199863828,0.09048320925398683,0.09218824150748833,0.09159881302720964,0.09179960798561104,0.09124026565736235,0.09219793765744852,0.0914183314008778,0.09244068435381741,0.09193557004719893,0.09400084766008517,0.09436367698763759,0.09521449723576121,0.09280748131027709,0.09569906411487922,0.09523577831616627,0.09497913963583142,0.09684772369663348
0.02,0.08418598084983302,0.08177009852675339,0.08405323636950984,0.0829448451142661,0.08320375821774917,0.08456528654376004,0.08330164663565723,0.08381947948617326,0.08392354960049975,0.08334635306694442,0.08523007169017548,0.08501656355511074,0.08502610093358139,0.08507149015962272,0.08593714834209001,0.0853004245620526,0.08685718819881068,0.08559883800353604,0.08638793051196972,0.08670646550634731,0.08636603775916225,0.0864051564276616,0.08767248537493293,0.08642282338080863,0.08778586421043003,0.08702859282164817,0.0871879598711528,0.08944326431559402,0.08969157891356003,0.08866931757475265,0.08883225315910169,0.08848651519922372,0.09013054345269231,0.08907399755800165,0.08989616017934213,0.09022211404340373,0.09182090505366633,0.09106715829614202,0.09028930828252747,0.0916226343145174,0.09265269018870004,0.09168294394118859,0.09344925777961817,0.09417568015302362,0.09311490295262755,0.0940518307379807,0.09293922019489397,0.09539225791142628,0.09396544118461643,0.09408938831164836,0.09456801624355324
0.03,0.08354227343929854,0.08443909116850673,0.08269241976719335,0.08295092620489784,0.08362214940176796,0.08390507122975158,0.08293973667520078,0.08380230890950595,0.0831205235591474,0.0839026828486214,0.0844073477304662,0.08375955377540577,0.08417527626837833,0.08545845625364366,0.08528555344090448,0.08471849574128722,0.08558368469234821,0.08539827122995122,0.08671235174480062,0.08687807991583796,0.08608227272357719,0.08734302910552355,0.08697417544693435,0.08696804393168821,0.08756338644565104,0.08841109455266542,0.08687363633369034,0.08901291807896738,0.08837430914506063,0.08854404959883125,0.08893439712053225,0.08947014538964686,0.08943641439464536,0.08934951529151813,0.0894739552520474,0.08961468111733893,0.09107555866047182,0.09066310656453443,0.0900566214214793,0.09005782593160065,0.09033215122627261,0.08968013025197086,0.09186757207712756,0.09231962486770906,0.0929777203607589,0.09172576457080964,0.09404294454222784,0.09433251947341822,0.09513715168226812,0.09592467763857936,0.09417474300277805
0.04,0.08223409431839669,0.08384639508255078,0.08299938864427403,0.08310582032034625,0.08334691866955062,0.08416054573429099,0.08360809003503154,0.08325897769127785,0.0830752143116518,0.08333175216934402,0.08359628322663962,0.08331946830912758,0.0831562093452179,0.08352489188843595,0.08446216048235312,0.08530015419691522,0.08450903381739236,0.08576866271559591,0.08549836956331992,0.08535877603558065,0.08531868533099561,0.08592937288902705,0.0857411871296586,0.08745571962428862,0.08741116380837081,0.0864014354111325,0.08700159316069657,0.08811933404650713,0.08830685867977295,0.08748359359479636,0.08723050759134054,0.08949354663522828,0.08943469076506133,0.08899947948540464,0.08850794997000239,0.08906077063333902,0.09090019666807839,0.0904184779564084,0.0896993890148109,0.09145114390967142,0.09184055941570102,0.09156357373027484,0.09058977198975018,0.09089610908978607,0.09050648712099513,0.09122413177615353,0.09256751435832254,0.09279789189918765,0.09348766259562273,0.09351762290412392,0.09458712939837126
0.05,0.08290642915703772,0.08327051298088065,0.08277175106059041,0.08250790582779226,0.08208440500871868,0.08248933380199337,0.08268397053071558,0.08373457529941915,0.08310205464562953,0.08263150047997601,0.08248693908387589,0.08250259694797948,0.08400571134911884,0.08365993405195797,0.08301542651327623,0.08476548026319183,0.08368988878279932,0.08381150613317023,0.08450595861843367,0.08494726666459253,0.08505088691699866,0.08572078382728653,0.08627233303563304,0.08616858635847838,0.08594506204182187,0.08698628559831889,0.08625598237317761,0.0871204672859638,0.08738248478067027,0.08750642209436707,0.08706726800211456,0.08773628652188134,0.08877544338242521,0.08821551860580995,0.08837046397558929,0.08976235961776392,0.08922289723206903,0.08845477022969692,0.08885065691403686,0.08974049954062129,0.09162557103576774,0.09151502215085353,0.09058276128407342,0.08919102756161372,0.09119837309448585,0.09314130942753772,0.09170332857483779,0.09223147325688197,0.09270542533294489,0.09263237030447692,0.09289316448834242
0.06,0.08279631284947077,0.08279071897091222,0.08241507550107935,0.0819291027889512,0.08216225049122275,0.08273715881458339,0.08211490134745741,0.0827900685549293,0.08213350746037597,0.0823548335752644,0.08166484754463461,0.08267751056392127,0.08231669839807708,0.082531805462218,0.08233799655675661,0.08359742730100783,0.08236179995424199,0.08295614292860796,0.08418089963262844,0.08409675857958042,0.08471593502267394,0.08532196751073505,0.08539424270434728,0.08591897574382076,0.08602204918370984,0.0849051221551394,0.08703921726471046,0.08675131292108697,0.08660775191571338,0.08799103932439822,0.08638018132523317,0.086298339301145,0.08755726920482024,0.08707376632280255,0.08785694687531745,0.08915282293272828,0.08866548957857147,0.08917067358036655,0.09065790392476204,0.08760424590871285,0.08878357835531822,0.0903153301225898,0.09092309861710075,0.09118228835350378,0.09035813083878344,0.09265623116249083,0.09120959385900415,0.09287756429418315,0.09312180317986152,0.09304658632445972,0.09392123320543831
0.07,0.08210219514736222,0.08267538144679244,0.08165023849629115,0.08184305160163553,0.08146148148411689,0.08158102688616281,0.08116552501073479,0.0811356409614511,0.08138998818492442,0.08155584406344321,0.08120329723146645,0.08139186655784895,0.0818419103051212,0.08101537064224537,0.08144223716813212,0.08252952817571964,0.08293693132683892,0.08307966993425198,0.0824681562682544,0.08427806127040313,0.08403656689146238,0.08346225215883607,0.08471518436811756,0.08417849183288265,0.08580628314089986,0.08477631164306158,0.08580168878603964,0.08602882178171581,0.0845131682986374,0.08466755036449476,0.08653192167308695,0.08568892642915912,0.08464453976125264,0.0869526709714349,0.08765033923866179,0.08863795750060408,0.08758198177854745,0.08738187139768815,0.08701600812944513,0.08979046225229566,0.08893357856251359,0.08898780699228961,0.08720910875072926,0.09033662425291066,0.0902771164579343,0.08969536379681153,0.0923400835418601,0.09098424314134657,0.09069900457663518,0.09070100718933354,0.0916309394535096
0.08,0.0832857496340418,0.08236031481096391,0.08202566544234378,0.08170268234087937,0.08072809959275981,0.08178725592821869,0.08039329760743294,0.08055936095938518,0.0809059997645814,0.07917007370477437,0.07964904427827316,0.0807863957788554,0.08052380765316253,0.08198621724728025,0.0825598512610788,0.08136086382771342,0.08247435404998393,0.08184067214490856,0.0829001270437386,0.08291633608770732,0.08246548284538091,0.08275286606262418,0.08259482414347738,0.08243758010979857,0.08371501831251596,0.08355198765404513,0.08522397543344698,0.08593558035326311,0.08659386737472564,0.08589960799159756,0.08676344829297761,0.08567060776262515,0.08642581040428299,0.08721244323010864,0.08591814839464577,0.08754565674998668,0.08620413296225034,0.08695474699907246,0.08829026318075728,0.08827733414588944,0.08875983863095227,0.08827195024500523,0.09057704077028818,0.08811040121805219,0.08938485052469744,0.09132617884024687,0.09101926113237838,0.09171791335915505,0.09041853909108472,0.0902826618692639,0.0922148629209856
0.09,0.08319449821552159,0.08272798993660878,0.08171083495508241,0.08083109166311202,0.07965447374608414,0.08042018202574724,0.0793752137292753,0.08081379095058894,0.07981273467308768,0.07856423419342518,0.07903717699393482,0.07927188770069762,0.07987385661309539,0.07943873679760036,0.08036372859362292,0.08029285120516777,0.08024800247619981,0.08049984057130105,0.08206301138534489,0.08244398490675652,0.08230670845259594,0.08202617154867708,0.08345072414225124,0.08309593120217552,0.08413884048165073,0.08507857655277103,0.08372689982082625,0.08402273658247636,0.08458513779015951,0.08399087125328637,0.08451739562020148,0.08607727768873455,0.08448147594023762,0.0862383472453332,0.08548238911863461,0.08740303071249282,0.08575592708735989,0.0863550179373095,0.08794254377342925,0.08761735451468812,0.08802987040900517,0.08753442893377346,0.08840986514165575,0.0888007864251273,0.08857451175660758,0.08963118919059541,0.08917658271144083,0.08952435102170919,0.08977789344343819,0.09289133794661994,0.09242033253480633
0.10,0.08322001446847574,0.08121197424625191,0.0810886615509902,0.08026679281119659,0.07978751871899088,0.07935608219743626,0.0790527336223879,0.07935751005134603,0.07762327245179626,0.07958472230272479,0.07792896074202209,0.07915262680686098,0.07874637970537687,0.07828023733713003,0.0784870032180989,0.07976319345890853,0.07882775222280675,0.07982574902940999,0.07868039510325818,0.08028355465934812,0.08148556261121705,0.08214177483486698,0.08247810667248141,0.08341750171509997,0.08241126887396193,0.08384521875847097,0.08424828983850476,0.08461044077433504,0.08474504032779274,0.08381766316288415,0.08454159087827107,0.08474715624791866,0.08364831269409868,0.08473208827176902,0.08431809884355734,0.08525399496558836,0.08576283298680626,0.08638638914142917,0.08544204582766259,0.08721766503496244,0.0879193125554172,0.0873164387305073,0.08709287207138994,0.08762418764881666,0.08709622731723779,0.08961171004625405,0.08943761403789259,0.08799832185755356,0.08880381376488497,0.09038609517890607,0.08954306696530946
0.11,0.08328002438034027,0.0811687593770315,0.08110644897447929,0.08028191842337362,0.07993115235817633,0.07899393375348059,0.07831633094828407,0.07768471753316364,0.07739313305658028,0.07808942282431044,0.07638676224748804,0.07797318007193045,0.07710993393927666,0.07815693908350492,0.07758920581988155,0.077482630281128,0.0795114051645765,0.07799686725387556,0.0792713037088453,0.07948585529485055,0.08022169793724095,0.08002588467229989,0.08015191918731238,0.08126891813499391,0.08273359625166783,0.08231166483284279,0.0822918853165639,0.08274925891446128,0.08286224875845198,0.08225760962674648,0.08241044883029407,0.08397537036045621,0.08326318347008568,0.08468922376119256,0.08481065500847794,0.08609937784639608,0.08650691975236703,0.08538964370307955,0.0849043270332337,0.08611390703526522,0.08669173463780681,0.08810973273728494,0.08689459231744139,0.08662318689985268,0.08775246876823439,0.08780440107668666,0.08737269158729842,0.08759898635778861,0.08812545893816844,0.08970617801161876,0.09013655069997689
0.12,0.08360186786599906,0.08129365588065647,0.07959881975713279,0.07955799762383085,0.07929496909298955,0.07794936746258133,0.07766045738541105,0.0780119076461136,0.07718773246526806,0.07686438447499468,0.0761233736379561,0.07682176835812533,0.07561245597739205,0.07647966097287343,0.0766926852404232,0.07607371585398119,0.0778151848503,0.07818295551589333,0.07809834522727035,0.07835019158504643,0.07926312825018915,0.0798320451028654,0.0802138176530344,0.08076955665726784,0.07975785060804594,0.08146078273777775,0.08253412311125913,0.08202062136635933,0.08095878025417623,0.08201145986247013,0.08133433069340444,0.08235920338337628,0.08410113634975062,0.08315803509790233,0.08306328608225604,0.08259571572838888,0.08387338471054398,0.08539599664825019,0.08504115579251306,0.08674959087341387,0.0833681864928862,0.0849878332814077,0.08548042338031993,0.08482581446900214,0.08727487909023188,0.08824994854599758,0.08705394221648961,0.08749259257083941,0.08815712805026421,0.08719036070997567,0.09018704315982784
0.13,0.08318478778982184,0.08142443235579523,0.07996435994581737,0.07846014490153946,0.0777978467859518,0.07785993335130147,0.07584012418209089,0.07574021188060875,0.07540171840664169,0.07544488001593007,0.07408714686282494,0.07537476183364565,0.07522446864734064,0.07568705654105232,0.07536187905236127,0.0755627346750734,0.07618495433424523,0.0764160259213201,0.07668501439555937,0.07635968161404112,0.07728308558931063,0.07779767066793229,0.07940257285654889,0.07845812477504154,0.0787951616841296,0.07839911721972098,0.08109598933675827,0.0807878775076327,0.07976906199736129,0.08183695853297158,0.08233161679860447,0.08134061237982582,0.08184579033871582,0.08228945696463125,0.08133557319059376,0.08280415465111898,0.08269515281555204,0.0833256709909189,0.08432271767911202,0.08376874747200694,0.08343619152191085,0.08583913706490977,0.08403953758336395,0.08574588577978716,0.08520792057749543,0.08625444903286686,0.08639417432034331,0.08635681939180748,0.08843756655412269,0.08808230583766898,0.08608125649315782
0.14,0.08291017981392708,0.08111172885611467,0.07978505269124082,0.07851010706503996,0.07794675298298676,0.07569866582098055,0.0745239444272531,0.07531867541005728,0.07428557219219117,0.07437418964506608,0.0738779555526321,0.073768782272765,0.07240780214465196,0.07355881034714827,0.0741536593767189,0.07410461714139799,0.07491939213161898,0.07467756960298265,0.07524893254978529,0.07634669560329896,0.07715541121171414,0.07728362522806628,0.0774429925851403,0.0787699928790175,0.07788456802680496,0.07891061725605944,0.07874430370981825,0.07983402477550353,0.08120294496553664,0.08084768941282912,0.08062764903382218,0.07984258148974922,0.0819912506768572,0.08290311226393943,0.08150165310376259,0.08222613207117507,0.08227979773177588,0.08144773475694772,0.08391476701902131,0.08288981357563521,0.08322609140579368,0.08420267610457818,0.08459498962798107,0.08506550554113597,0.08551821407044723,0.08686711571805894,0.08503869297357068,0.08528944582625375,0.08534679741839458,0.08666932104071584,0.08831915665595902
0.15,0.08261488160209823,0.08045753867061682,0.07882352840433841,0.07717652917573976,0.07661651360951394,0.07493163544870263,0.07545730174841359,0.07433233637078844,0.07409207399715577,0.07320353555408574,0.07293424149773788,0.07228830727170371,0.07145624742863388,0.07224110155482891,0.07285745289744763,0.0724608410917283,0.07269952583046589,0.07342327726153146,0.07489118504904431,0.07500867549478116,0.07554683293181431,0.07513752245805573,0.07606639946048727,0.07635812155198272,0.07808054678916472,0.07799914485798351,0.07748419023335616,0.07837713777766948,0.07787910781971845,0.07940245834818493,0.07946720099216996,0.07860673032785104,0.08020874156154224,0.08096133344161748,0.07912776946812823,0.08094797070815524,0.07983084524779624,0.07952769375517159,0.0803912928281897,0.08216903736167974,0.08208409690300425,0.0837558831899884,0.0830453182436857,0.08318592469799165,0.08488777142751107,0.08281197683728699,0.08349443290170853,0.08464427787801554,0.08531838257429408,0.08520434833375014,0.08706720324627942
0.16,0.0827844989408839,0.08085800056760017,0.07758733633711702,0.07708010713746893,0.07571125875216898,0.07426529310796441,0.073892373407374,0.07263935584618444,0.07124152256321745,0.07166819424958892,0.07078365453962178,0.07165120216053857,0.07117678077321885,0.06987852605109779,0.07008153473186512,0.07133430297416735,0.07123084773043571,0.07214817907734612,0.07113271720727614,0.07308225770101044,0.07377133024563474,0.07449877127018414,0.07483856861264453,0.07630305383781606,0.07528924245072954,0.0762980474744593,0.0753942114499777,0.07654286061097067,0.07721381954243288,0.07804884944923413,0.0788643642930672,0.07583578782662743,0.07860664466938148,0.07899379477196411,0.07856750140437299,0.079605782610398,0.08041249331424749,0.0803634796849945,0.08020257952923135,0.07953486025520136,0.07970416632662579,0.08119237297521117,0.082012289623913,0.08175482345489361,0.08198944849567011,0.0824205525934153,0.0830972647829483,0.08447760332536945,0.08501971543885203,0.08479104377966304,0.08671382232512478
0.17,0.0832911919610108,0.08078779800173383,0.07741932219021466,0.07646720085031032,0.07537424014537293,0.07361056459215233,0.07132838827101598,0.07166643152018802,0.07013663948807253,0.07004249646566778,0.06955894497910327,0.06899221874060979,0.06865360509150711,0.06896321791183598,0.0695397789214466,0.068743630788775,0.06888123595091597,0.06985995844448416,0.06996354080716967,0.07034788198459647,0.07159859267186927,0.07161257249126779,0.07282440178430624,0.07262292503126017,0.07473876689219586,0.07457918284818715,0.07535476619316472,0.07564113939269969,0.0756346815829998,0.0751455962351703,0.0769064369222374,0.07609485841297779,0.07845248348050114,0.0765443469240058,0.07910495713230063,0.07583553361245089,0.07816528722232227,0.0784008860023846,0.07879125752668971,0.08077091540697247,0.08029038919796974,0.07962589747438419,0.08170127603961438,0.08058767162535736,0.07982121817519133,0.08158808957056458,0.08178376349407952,0.08265811834170599,0.08195113754927738,0.08390699442204883,0.0840760568388435
0.18,0.08263716134743614,0.07895406477018956,0.07664363818856079,0.07547543282657605,0.07362107011936785,0.07207866719041753,0.07076966726837333,0.07017906124751307,0.06894864565561849,0.06915336711173625,0.0682842944772589,0.06684374653469069,0.06652982520241088,0.06728947698793056,0.06676623878257416,0.06667539155672109,0.06735444494489698,0.06790946534025948,0.06828480823663503,0.06954457103336012,0.06922981901673049,0.07064138992139163,0.0714520116698101,0.07213340785433404,0.07224378286520623,0.07316872410253294,0.07267095889824483,0.07356424861788825,0.07351784713592731,0.0742440995948283,0.07357680702927626,0.07540088451990054,0.07481843429436799,0.0755443896319774,0.07554677636730182,0.07500758933743981,0.07777295180297765,0.07635867597468235,0.07639259389371228,0.07749228003804631,0.07916751416344528,0.0780097045060912,0.07844186403284226,0.07799254121049265,0.07819277630825495,0.07923864914276707,0.08258846773857229,0.08086495163036848,0.0820278693147216,0.08149480690323242,0.08127197903885659
0.19,0.08285741828693774,0.07992485480757562,0.07712628638333817,0.0745950197580925,0.07268597285341391,0.0707341231191122,0.06986008033112764,0.06810104256032803,0.06771303040132204,0.06654789284377571,0.06663365540596437,0.06598758249122448,0.06558311986131299,0.0653298102111794,0.06527359965983817,0.06554741976939817,0.06505914386925583,0.0663566563797104,0.06635855257998571,0.06725986480156744,0.06787159950861074,0.06690876000904282,0.06940276128323584,0.06962748194998584,0.07062022788475038,0.06977100171904559,0.07307839732147638,0.07049507461639565,0.07108403264510987,0.07335770048757641,0.07484982863205182,0.07222757487189758,0.0730522034761512,0.0740970365445271,0.07268521171696622,0.07422937905726902,0.07406799915377317,0.07441033467853536,0.07535904141697634,0.0746370901609327,0.07446483459018693,0.07688945444614777,0.07617814052194782,0.07833315465968585,0.07755008550054722,0.0780921236551825,0.076342029442901,0.0787550121222045,0.07885637742866042,0.07990247032581879,0.08282780971874902
0.20,0.08399936332889779,0.07993361308473981,0.07655472695053252,0.07447248885054682,0.07204494398677623,0.06954532820887377,0.06825325524768612,0.06804424265157796,0.06584236368499687,0.06606540389442014,0.066451161238021,0.06485734871053468,0.06374227468581396,0.06349580554349017,0.06413662060325377,0.06458544619085052,0.06513397128025628,0.06438180538912,0.06501322380180939,0.06505803265937969,0.0661439866678054,0.06618792625657656,0.06632104612327419,0.067511129114415,0.06689073016666407,0.06799051412477622,0.06984796423010091,0.06990980195277248,0.07004018589280774,0.07101538396435676,0.07205655862054179,0.0714920978728405,0.0710054923419008,0.0733938636248068,0.07401698464511484,0.07071775708175101,0.07232381716813141,0.07352838333808097,0.07338828569483247,0.07480222050966784,0.07216996342260021,0.0731962099652078,0.07422243638587228,0.07426048336607802,0.07734955587596914,0.07655527601964936,0.075183342401487,0.07824405041691788,0.07832934328118252,0.07787095748048317,0.07908809792647561
0.21,0.08266106142981,0.07852727572787008,0.07394626659877448,0.07214378876698362,0.0708486781161065,0.06953713943025207,0.06738728258618981,0.06628296659770172,0.06559912219417105,0.06412646569622638,0.06391011515137605,0.06365880429032583,0.06285890268149769,0.0630248043679236,0.062237290791473505,0.06299218299821961,0.06266285660984464,0.06297992137441157,0.0633724759999607,0.0635390911281015,0.06493578163894478,0.06440901847146513,0.06473025322580671,0.06676828069470887,0.06708676340869486,0.06733253572447562,0.06686223812869986,0.06769071528884285,0.06764543558699483,0.06839609445795496,0.06874255687602995,0.06880176353579903,0.07027742551853275,0.06893966057466482,0.068598461544862,0.0695057538779693,0.06821206545028748,0.07074886744828,0.06955235525526637,0.07085705327449049,0.07161740212854399,0.07100524865869791,0.07207569543568372,0.07294856166524545,0.07421107887319076,0.07438496563607909,0.07465569639160383,0.07681155018383913,0.07699036474793843,0.07757017607647738,0.0784630789585542
0.22,0.08292097568487287,0.07888655533542833,0.07463088263278644,0.07157824010608851,0.06923997145360092,0.06719995180658925,0.06550685387959233,0.06495232966446901,0.06383124282256732,0.06272308527821513,0.06324487618212701,0.062000277108103186,0.06215149643948414,0.06107541726477409,0.06171310818293219,0.061409846528823094,0.061973072457738955,0.061536091008244066,0.061707409199480354,0.06269431267786277,0.06174180128550553,0.06309605684857846,0.06355216653603457,0.06380818857397348,0.0640684891330646,0.06480862788436824,0.06351419430177245,0.06533392236334162,0.06632700362990845,0.06689981065067746,0.06725380593808834,0.06731769939067267,0.06722564233448393,0.06773917407639926,0.06859893487248546,0.06766802757505737,0.06760476833025832,0.06672749048535673,0.06585014051143694,0.06684718664826346,0.06878891494351232,0.07046513010436138,0.06900945520046076,0.06987351261348222,0.0715766015732263,0.0724246762072339,0.07180420880945933,0.07480304801919069,0.0726730971784863,0.07504864916100142,0.07570049468665419
0.23,0.08343635772851753,0.07742468609282184,0.0738434955576445,0.07135962826597372,0.06849899352609726,0.06640484763187393,0.06518196311812478,0.06347402922792053,0.0624993284052626,0.061379501719956826,0.0607038240953583,0.06057792091725213,0.061028047814083254,0.05958945364907346,0.06081478492155332,0.060421566579146005,0.06094167330452353,0.06053743615810441,0.06122731388146584,0.06031863752447298,0.06203782460986657,0.06151981901054447,0.06108626083431591,0.06277564425594298,0.06213683436040076,0.06380309722859387,0.0632663845221121,0.0625942271576611,0.0636084177454587,0.0627434036213798,0.0646496926100173,0.06480173538064143,0.06581845816336702,0.06393178922460782,0.063798743771974,0.06637182567974975,0.0660180804684413,0.06372914027308589,0.06391034858682355,0.06698163631759212,0.0658787105312113,0.06690605927216893,0.06533859761646972,0.0687373512900676,0.06692731986247152,0.06765748773736042,0.06950105428395573,0.06894081872787423,0.06986762790044318,0.0722914385884126,0.07234022916736564
0.24,0.08353900770853595,0.07751298832531979,0.07276824278650984,0.07149159398833194,0.0663393760827498,0.0658007454648261,0.06379462814509329,0.0630294742023029,0.061270653203832376,0.06112832284351437,0.060107703827870965,0.05929732971000962,0.0596513204519337,0.05993856236276549,0.05970683190851809,0.05954940960806519,0.05951401182723222,0.05934459031929329,0.05958580519984044,0.061296369122573094,0.06006902632192259,0.060478664379445095,0.06033623697785085,0.060463001254753804,0.06073547173790647,0.0605320965888769,0.06027558487456917,0.06253228612266985,0.06120175121457608,0.0617532687954822,0.06364129642299124,0.06145037454475542,0.06310242885757865,0.06169059347220439,0.06166063604432714,0.061078452404628523,0.06232688445496798,0.06186168872507908,0.05882177533670652,0.06300347182528591,0.06394354638255753,0.0595953812312791,0.0638882815390968,0.06458263954083075,0.06525714064929626,0.0660827182655481,0.06544898043739197,0.06697986991300531,0.06803270884478116,0.06943297643123421,0.07002795561601836
0.25,0.08309573796576761,0.07650163794899004,0.07280689702193578,0.06917689933461811,0.06683476827468904,0.06422325440206937,0.06250753161192078,0.0618966457887708,0.06056713014431534,0.05908296940146417,0.059289057404316635,0.05918384892011934,0.058895965153991696,0.05889384827896886,0.05820070448637033,0.058593599265219835,0.05982545522087561,0.05864786394548951,0.05838482119556244,0.060316484097594256,0.05944560320773701,0.05963402648243813,0.05945412727113554,0.05957479855518876,0.05918330599782459,0.05817068628292544,0.0598334765915017,0.059963038430762776,0.058812491181880956,0.06130525399239073,0.058601771809300644,0.06092793465480691,0.060184198411888386,0.061914161242367836,0.05867415845909295,0.060056761541954794,0.059620305420465966,0.05628143852520118,0.05729700548181222,0.06012079777888266,0.0596572164322621,0.05760864220918461,0.05735165638201946,0.05916046343246876,0.06089870587111651,0.06279253938538096,0.059742653731132474,0.06136164099768921,0.06349957089000995,0.06658187347190062,0.06527542099094934
0.26,0.08248244321081329,0.07517510423261767,0.07301536863438901,0.06779366867843788,0.06497141812584213,0.0626249962960738,0.06122376395764865,0.05962878183149006,0.05918774570307102,0.05895420456879831,0.058365811711648063,0.05744684309666775,0.057012115999588546,0.05749958865743513,0.05727849881259476,0.05830490287452086,0.057458319144410325,0.05825852677418117,0.05819501300215054,0.05763511097433313,0.0579357391389394,0.0582549501111728,0.05768050690266841,0.057133369951240534,0.05744813291122625,0.058733499869752646,0.05824067296932561,0.05830200921274904,0.057921173705101976,0.055786593348615625,0.055101544834863014,0.05644349214319446,0.056476900808859,0.05618811470864076,0.054372189549263886,0.056810571708231235,0.05431490229167463,0.05500030228080982,0.0544870373656703,0.05262070492552598,0.05240820758452601,0.054025814463800115,0.05387738111479543,0.05311514795325263,0.057518386498827234,0.05689521952242355,0.05957707772794313,0.05881873469317267,0.06039110858530563,0.06044442234241889,0.06255328423419367
0.27,0.08411553936772588,0.07647338261479013,0.07212571084971775,0.06680333268023013,0.06391333383570555,0.06140587260606161,0.06066240697663669,0.05885220721719726,0.057614650941393016,0.057004006183303035,0.0564591681805104,0.056699546323053844,0.055970134602476414,0.05525259675918082,0.055969403509970206,0.055904120114006695,0.056867907205890876,0.05651128158017136,0.056379006299297624,0.05658439897747555,0.05711409899198102,0.05608471119405373,0.056000165154206215,0.05625810459564614,0.05636253319713733,0.05570514767965642,0.0529614713776176,0.05438394057006169,0.05476908878746733,0.05448830392390014,0.05201813569388132,0.05224724986224219,0.05242775662154982,0.05153461086314245,0.05274670487279141,0.050971903193381324,0.04908088751622063,0.049650052130051664,0.04915101511800231,0.04711628117157072,0.04988909155451114,0.04855356653504367,0.05110057216092914,0.0510967715207562,0.05065490625425485,0.05284794494851145,0.053238649116138674,0.054609999555352215,0.05641316318626864,0.05570060400100272,0.05985583723942157
0.28,0.08281689476376818,0.07489032146345515,0.07021544703410831,0.0664800877066398,0.06391299932407613,0.06052719435730119,0.05869668425323267,0.05690273664773107,0.05649885755574933,0.05621111086509518,0.055760611952635646,0.053978526815057375,0.05423144674293551,0.05423249824119184,0.05533336049436352,0.05542693209121469,0.05422010973949527,0.0550649063725765,0.05436205722827424,0.054109606603852015,0.05362453997992864,0.055313559442139525,0.054569325800067785,0.054539307223852494,0.05358434165771706,0.051570125742928005,0.05215854823904189,0.05152085690513388,0.052898601805086744,0.0523335243157778,0.04900383706047228,0.050338831744474136,0.0484204381541922,0.04780424984347094,0.04721112474633978,0.04756253735360482,0.045916157432184926,0.047187645386710234,0.04404757423214732,0.04394844361414123,0.041424531782279506,0.04511585491513452,0.04413147249073449,0.04680994066148211,0.04432115110025078,0.046565110857105865,0.04700691085710447,0.04897868264742782,0.04873619783396217,0.05188818471337202,0.051809424599002125
0.29,0.08322148957835059,0.0744596547146204,0.06984948337606135,0.06576423301143622,0.06164578951903236,0.05963778668565038,0.05801250076383669,0.05637311849049995,0.05540657240722617,0.054961039032632504,0.05359827728483388,0.05421033948332981,0.0528472899536527,0.05393730940452468,0.05311149251551917,0.05323543349089419,0.05408462556281756,0.05190036106772982,0.0530894124515423,0.052733924363692765,0.05283273404111497,0.05074057814879158,0.05233117593922328,0.051694589306924874,0.05029134166836163,0.04939035079682342,0.048045041243748345,0.047533604483185,0.047035553291443336,0.04685987690035655,0.04495130720025586,0.043123955712314595,0.04236205278412892,0.04281626236478054,0.040602909347160106,0.03893687263734909,0.04096476751780557,0.037994141442407404,0.03659856321248666,0.036775481718898564,0.03886406833797102,0.035453873996873005,0.038985669239322215,0.03900130784191719,0.04052602877659416,0.03881660792364333,0.03959716037516104,0.04407684107128078,0.04311365118530903,0.04378326359349915,0.04593158552759361
0.30,0.08299738599713097,0.07522533548333234,0.06893026375860987,0.06403619612272163,0.06142620154806821,0.05886539328202041,0.05575759904729604,0.054996567863623384,0.053032914777271734,0.05311601433576376,0.05139410913998211,0.051024140159781135,0.05147443762594852,0.05308792238271084,0.051294482407191706,0.05042835103070897,0.05112832970261154,0.05083372085234256,0.05076585509517442,0.04833051498617442,0.04899948660753305,0.04880441760782376,0.0478912993714841,0.0483305112533483,0.04618774853042221,0.04539999193455252,0.04377165500849555,0.04266254711131125,0.04486295869730156,0.04061106867479615,0.04098091019868282,0.04017301968116218,0.03848785649903856,0.03719389037191653,0.03343463760727826,0.03482475494689232,0.030926539142567953,0.032364660285529555,0.031854925810943686,0.03264991468543244,0.03218782477594753,0.033602988410423924,0.03243133468344812,0.03528407439355197,0.032541542531284086,0.03285826317848862,0.03482931469492511,0.03844066964990799,0.037221363455785875,0.03777708502366725,0.04130223960883802
0.31,0.08345694957758472,0.07517622466003532,0.06861196296250852,0.06327111747062945,0.059772044126814645,0.05828411148635422,0.05506395428503669,0.0530936297957922,0.05101127318418077,0.05113354157301301,0.050073582834024445,0.05033793269425956,0.04972738934509976,0.050145399601061125,0.048445875539585154,0.04904944706769554,0.04877958192535153,0.047652936333371795,0.04731644571873902,0.046016605571032564,0.04463878164932625,0.04475875390713519,0.04466702401250682,0.04438999217625224,0.04293276933824134,0.042599948548923156,0.03647907421449065,0.03623665882188933,0.03541781690217059,0.036247952073516464,0.03492434048005488,0.03528225307775681,0.03213878369263153,0.02918651536462653,0.03053446830038309,0.026481574220254232,0.02793065835968609,0.02812514940960902,0.027841429276386435,0.026962948112969974,0.026219734854903625,0.024320029072382416,0.027125063214638697,0.027694434966432487,0.02732426375098388,0.027875059543164212,0.028918954351892102,0.028583074191028134,0.03133702287264347,0.031318761111435424,0.031349358251306754
0.32,0.08194041989416756,0.07456853868337808,0.06843679166030647,0.06407694643521092,0.05912310653049864,0.05546609134134053,0.054855422174081174,0.05134068966059799,0.05071076075551488,0.04816979673752898,0.04927296120041213,0.048124098104640654,0.0472946338558056,0.04655273490478255,0.04673964261469249,0.04602742059026516,0.04448823922796006,0.04334304089301627,0.04175494776122344,0.04253844093599065,0.04287803874537414,0.035187234116113415,0.038398588882540295,0.038896060747596786,0.035287223414118905,0.035721487276545665,0.03389797915952033,0.033668559070605605,0.0327950700467008,0.03061552703073819,0.026890994662100973,0.026594702530395437,0.02677497466565869,0.023736337502398386,0.025686803834081836,0.02262713516039932,0.022504854556472335,0.02231873319769796,0.021187209848474012,0.021346908986643865,0.01917676877465161,0.021834374717047654,0.020365192227417058,0.019255344078426457,0.021327500589467526,0.018827715701150823,0.022219906138894033,0.020212856128694976,0.0226011903836027,0.024854941842830817,0.021368006934733508
0.33,0.08368063013606482,0.07430063554332582,0.06715604525120325,0.06234675623196098,0.05787558513006006,0.05521736008299654,0.05211530257202767,0.050657148962203906,0.048464690286551745,0.04788358190423986,0.04460143493580602,0.04551202194919368,0.04492948724520965,0.04350974966249296,0.04160184843334986,0.04264951566047224,0.041547528032315914,0.039349600323511945,0.03771807976422683,0.03705537307423424,0.03531719463164052,0.03615781638411981,0.031660017524758256,0.03186942757517921,0.03055810959342749,0.027901009379126145,0.02661348294043512,0.027436241226876285,0.02748113728403502,0.026069132603460474,0.02134521325628065,0.02183276485473937,0.020296029648908795,0.01899827640039377,0.01793166916376607,0.01872706771293371,0.017334804200991424,0.017567658261526346,0.01753521140547976,0.015927284985123913,0.01708939284717905,0.015021709771523064,0.015964587481722865,0.015829945544819535,0.0156695499159005,0.016309020364736,0.01661532433880634,0.014809496191530923,0.01688542204779357,0.016683081009843097,0.01738747794387679
0.34,0.08421995575394475,0.07298628918907653,0.06652891020639494,0.06126557245249541,0.05673700964137022,0.05420841415707076,0.0502807093375239,0.0490269237681087,0.04630258782289595,0.046678202780057416,0.043766620885731605,0.041847280399265545,0.042212313058799314,0.04150174073646722,0.040857442006112014,0.038435242268473585,0.0370745741679327,0.036877465002535484,0.03397934680580102,0.03303338249337289,0.03286539158586477,0.029371638284450448,0.027333819092149075,0.02814051411406789,0.02476986580416562,0.025283798561795585,0.02058679973382622,0.022475319619887545,0.0196663139459897,0.01799672894881867,0.017710026408586488,0.015447114751029545,0.016070386888564353,0.01642773538370148,0.015088047870106917,0.013417494953359017,0.013311816781401302,0.012894431611123242,0.013185425189670724,0.01221730971341875,0.013279494795034983,0.01257009187024718,0.011772468256405197,0.012280108987980353,0.011411864284496216,0.010867998379542804,0.012706919796755565,0.011924315054957916,0.012153953017419467,0.011110669170115732,0.013163988342369268
0.35,0.08320544023761006,0.0746152972937257,0.06553746123808969,0.06024869262414095,0.054986228675057806,0.051850421708218145,0.04917333484708497,0.0462068904467632,0.044992289230845174,0.04284853242487923,0.041418688998615706,0.03960773005057294,0.037744872191664045,0.03684390740030021,0.034949184739752295,0.03433351718311265,0.03170587394654571,0.03065205186410004,0.029180235828279347,0.028340833874769822,0.02447875690881964,0.02432438801634884,0.02348242595128213,0.023035310135490258,0.020565990738868545,0.019993724212979562,0.016763435210469767,0.0171059161572929,0.015663946378031177,0.015212095807624422,0.014068403585347139,0.013064045821994568,0.012176533857093996,0.012522189368540415,0.011831014253048444,0.011102702747395563,0.009648623593130092,0.010347107488274354,0.00942364092003089,0.00890886145143165,0.01030686293756018,0.008820894244935198,0.008694016157645217,0.008798442568370311,0.008014173645898237,0.008515886128766826,0.008486078697812278,0.009970496030396837,0.008259121633376824,0.009597745160532193,0.008084749399518825
0.36,0.08290169073604735,0.07383841557764746,0.06438714359570001,0.058562387585031773,0.05520555903337216,0.049961789822881505,0.04713267576408286,0.04565330506679698,0.04302714865396389,0.04123906301442832,0.03853395592566866,0.03639784554153253,0.03460657206624219,0.033709509045318435,0.03160063263764492,0.031160644552304568,0.02691596736478393,0.027690481298909487,0.02482070742155697,0.02349724710815322,0.022226972046885164,0.02000813573580677,0.01875648228088659,0.01725843400889223,0.015680442832110737,0.015131576015628223,0.01439820110016998,0.014624716805743817,0.01271602903882406,0.01160518745798008,0.010497536221176091,0.009908269302325069,0.008832162779164985,0.008773752488257087,0.008864271055240354,0.008972926941282579,0.007517018411229945,0.007813215464135843,0.0069721045359077746,0.0077164431049078575,0.007362911350463398,0.0060421024761872855,0.007485164032432704,0.006081008745676875,0.005810363551289255,0.006192964145834162,0.005910758268173416,0.006171248151080743,0.005322918367928652,0.006036437314424195,0.00590512979566167
0.37,0.08215254023876879,0.07220069337050829,0.06324898227191088,0.0565018517485645,0.05357911110454233,0.04929868027514228,0.04445942173017498,0.04295692170262057,0.040257822513095246,0.03688593129474029,0.036568083056720095,0.03428467146951641,0.03166844794619039,0.029980190731756375,0.028048874893536937,0.027076829640653204,0.02523469698584291,0.02422717672526606,0.021810888456834415,0.01932309938320607,0.019052105648057864,0.017181970852497085,0.016546649808678388,0.01490219375501888,0.013553998447498904,0.013149305625257929,0.011475631987833353,0.01111404607671724,0.009452914491773495,0.008913720831071123,0.009161644142152542,0.008178694442346897,0.00808759669549128,0.007221430887812807,0.006724479572508764,0.006022878649825193,0.005973061999756075,0.006162870612134665,0.005617093111671135,0.00491760690873059,0.0050039396107050774,0.005225214486819748,0.004693648887695473,0.005037400535915679,0.004565798728484461,0.004777558536465021,0.004920656814314315,0.0038335191483674174,0.004748518019476909,0.00478602900953834,0.004661554650726697
0.38,0.0837988174669789,0.07231933424428078,0.06368023699895327,0.05714267532426784,0.0513107108364165,0.04748308387361176,0.04388887458300356,0.040985629368463936,0.03861579668860819,0.03484901012895219,0.03398397142087006,0.03148077890037566,0.02815706447669337,0.02659002012320434,0.026039789221624927,0.022118212624483703,0.021694797654251967,0.019341788391861417,0.018373095265312785,0.01698727188702328,0.015171582392312177,0.014043317713870846,0.012447878520268062,0.011762523269790746,0.011933424427858112,0.010778936764912195,0.009087890669952494,0.009018732738285858,0.00787695318699735,0.007019089374286725,0.0073887601288721415,0.006687342517751966,0.006196557183013775,0.005669807710237357,0.00520555985777102,0.004760837071006523,0.004940845292900534,0.005008732122181766,0.0043469438525459425,0.004340590034336281,0.0038974623395216256,0.003770938260387984,0.004064939856228299,0.004017210987683655,0.003383326881113614,0.003495923002755816,0.0038268552368841426,0.003625643873826243,0.003245669146227982,0.003760725452122591,0.0031846779392100985
0.39,0.08305393137618369,0.07174010404822996,0.06358181996959233,0.055733867026346494,0.05019083092383976,0.046389774062022854,0.042818264917029066,0.03865696469461053,0.03651716775270995,0.03258559947455308,0.030646177115658712,0.028817472252896766,0.025838323388209277,0.023775896839499013,0.021815305897888874,0.019776028409058465,0.019111650491737395,0.017023577472927525,0.015957881256426103,0.014725839147511141,0.0133945838944113,0.010720912546482737,0.01015131761539694,0.009594316750795681,0.008711945881953327,0.008236336800741467,0.007582064690957813,0.007051204654878409,0.006534919717356388,0.006012984180305908,0.005453837552250574,0.005599291285042787,0.004712559648857174,0.004363655147235935,0.004435746245524021,0.0037890947128007197,0.0038946176928800094,0.0035287475696111586,0.0035191979518851215,0.0033460760969191705,0.003607624876124207,0.0028345638820846276,0.0028237661359010913,0.0024804803807982317,0.0029660843504200492,0.0029146595770730226,0.0030236784888196676,0.002542130216452273,0.0023565071916309757,0.002585450916407329,0.0026528748682010813
0.40,0.08288501434702772,0.0711533594917505,0.06326602008496969,0.05535555924632151,0.04963487184515382,0.044465476494145784,0.04168256697415407,0.03729786738148735,0.03336268642449312,0.03056923744600864,0.02831712905539837,0.02657982398507987,0.02378446476609628,0.021430742321965526,0.019517086748729304,0.018468652656528924,0.01638375791279607,0.01477216248621297,0.013814170378570415,0.011855384405271929,0.01004375663260195,0.009271350603444318,0.009305121906896793,0.007084271591933702,0.007568138329700349,0.006225231068757245,0.006507144128449451,0.005758562777349463,0.004738921325645143,0.004453207087928251,0.004865550202002805,0.004321213611501888,0.003964696162808524,0.003661534967625932,0.0035960703400378918,0.003449544891600628,0.003242772184731875,0.003145586922017562,0.00294558758970593,0.0028530059175763288,0.0027001772478949253,0.0026027307218656134,0.002638523118330281,0.002431354290752637,0.0019964653809865,0.0023144779369844264,0.0020065367448626283,0.0021391409193283117,0.0019255062241696284,0.001840343155421471,0.001966823585298161
0.41,0.08367464047267464,0.07062861820302484,0.06167877911124743,0.053194713435375844,0.04874164212752942,0.04312928448217547,0.038679180284420085,0.035720188756934224,0.0323356597371294,0.02825831223102889,0.025974099742299223,0.023330009216440482,0.02096686259128848,0.018455677181617402,0.017777623204789903,0.015199807402535024,0.013953742746879674,0.012492273543634769,0.011058722149388552,0.009873307644167455,0.009110108758243278,0.007211098768497027,0.007318806917116905,0.006457766245021128,0.006175848360980365,0.0055664136183450254,0.005268000507115814,0.00470010215915259,0.0042153684180631455,0.004302525247652331,0.0036319466099943997,0.0035390362853727508,0.0036185442270332082,0.00313480224704564,0.0030819911160455816,0.0027814361020495797,0.002723284470352655,0.002658726586915764,0.0025843406915118804,0.0024184005286104447,0.002095112000100722,0.002474018519830086,0.002130696185078701,0.002126729395949637,0.0016559564535687987,0.0016389663237961918,0.0015643259292229326,0.0018291286411997955,0.001677629482762783,0.001697041993220817,0.0015270153357852298
0.42,0.08296702301877204,0.0699581853271218,0.06091534043024751,0.05269079539064741,0.04631688001795755,0.041888106303129065,0.03757313360354098,0.03354257353301827,0.029867906662367546,0.02733901579088734,0.02460496430938447,0.02204403457234826,0.019294286318683875,0.01765907844761402,0.016225931585842887,0.013570547119282,0.011827322737475134,0.01092883545066707,0.009587211327245432,0.008354807142228632,0.007500181303533722,0.0067789570681296395,0.0061939852531933,0.005752065638776942,0.005386020078620339,0.004541083404118562,0.0040339370620801,0.004211590018414222,0.0036248467193911163,0.0035542640740190796,0.003682424805708756,0.003028924422696085,0.0028950540792495733,0.0026822260572806466,0.002466983217296613,0.002308235704282674,0.0021357081088292824,0.0021179146315678,0.0020050712330728564,0.0018190762851203715,0.001788356735846577,0.0016395829141929064,0.001554303598557365,0.0014963568632003269,0.001339140147153217,0.0014560448228327471,0.001668071497234165,0.0014960227432024957,0.0013190128638171912,0.0013177009899170934,0.0011360381084541248
0.43,0.08315416460025649,0.07010110506454352,0.06003251200386043,0.052835788109006306,0.045735233699269476,0.04061530693992169,0.03607903230168579,0.0327426228035371,0.027745962385869835,0.02485886931433999,0.022504206577441208,0.018732130753495654,0.01754011600585564,0.01476316985469046,0.01349080064369975,0.01166181864246296,0.010156373284581398,0.008698629314532262,0.007809979091836213,0.007170490715879466,0.006791997880431913,0.005682010991021436,0.005344760496845132,0.004887401800146496,0.004619405095652613,0.00415055504342181,0.0039000446188903254,0.0035510425970888514,0.003338692507540259,0.0031528145936940482,0.002794845914411153,0.0027011923646778585,0.0024639075923306502,0.0022140016293649067,0.002343054468628846,0.0021262656088576687,0.0019080986899890928,0.0016809702436757674,0.0016558705337378886,0.001577318521076884,0.0014593703338542407,0.0015111994055210189,0.001410293001083791,0.001420493902164098,0.001375762249724308,0.0012614063320329424,0.0011256238545008452,0.001024758817054512,0.0011883556125062307,0.0010192048340441763,0.0010653229461132013
0.44,0.08352886218419639,0.06970022960311667,0.0585952149925288,0.050751813814853296,0.044456098020980966,0.0393822771116344,0.034756216148876126,0.02943074700295874,0.026315818117775603,0.0222905104970012,0.020538069440637928,0.017923150665292528,0.015608694884380693,0.012792939989179958,0.011418351293894725,0.010367961444980507,0.009169710732068933,0.007910613629932296,0.0071303225807253,0.0060880859268913215,0.0059338844775703664,0.005178839245120675,0.004715311895866007,0.004143112923047638,0.003985096541682682,0.003419070792644705,0.0032298650631941385,0.003304806956960779,0.0028504530371664815,0.002653039936883037,0.002631900905069372,0.0023793319044406224,0.0021363800087260193,0.0020763686823982628,0.002006171390477724,0.0017983627761650539,0.0017739963947585075,0.001677381998521721,0.001475640052549193,0.0014433233925792556,0.0012644934515093653,0.0014075679191562192,0.001286814886290274,0.0012171753377808723,0.0009893463987634995,0.0011846800682616793,0.0009371603305330723,0.000937363831922174,0.0009015957822781669,0.000931153490513164,0.0008726922584950268
0.45,0.08335118633336913,0.06970130081760371,0.058631677350381356,0.050469322172825785,0.043602053671855004,0.03773381097287841,0.03324935161931789,0.02778240677945266,0.025126742120662977,0.02104444858901814,0.01874930073186476,0.016344774770647934,0.013819584093028633,0.011858533305699465,0.010586117447732472,0.009948365964105622,0.008329571125294252,0.007508858724288863,0.006497823128049495,0.005625662685706534,0.005225130487494036,0.004843153015652687,0.004586542850027279,0.003966863457682298,0.0036408231147661715,0.0031811257683327975,0.0031217683094489574,0.002708444767451334,0.002584168269459964,0.0022708878088352025,0.002219570981949975,0.0020878785716193058,0.001944882127062814,0.0017847789577257924,0.0015386667480126845,0.0016146848605985984,0.0014885547124992805,0.0013319616607090862,0.0013261383302388221,0.0012977381881220556,0.0012188669870717226,0.00100834748852541,0.0010104518886203619,0.0010500576385844573,0.001000928211700214,0.000994394451312565,0.0008283496282574575,0.0007754675277650112,0.0008230423053912112,0.0006709449380051297,0.0006780370751571552
0.46,0.08378122264057561,0.06856529635766656,0.057741651712280566,0.05009395645245408,0.04280093925314141,0.036335013387227194,0.03174870861182661,0.026461737975386007,0.023123779049072857,0.019056682234543407,0.016453957340567704,0.014472036406702889,0.012744852412950848,0.010939052339910521,0.009704484545061502,0.008355194594352938,0.007309679871287912,0.006882977167200276,0.005966129139801107,0.0051066602938274926,0.004647566668799686,0.0043744307229828736,0.0038599388660339132,0.003701163658360533,0.0031928132176360707,0.0031138707572767586,0.002861373083169733,0.002553300390568761,0.00226403609423436,0.0021263558283999137,0.002019138142520985,0.00192507000272,0.001642754409662705,0.001545703225682569,0.0016117880046573674,0.0015720762734044353,0.0013631130044766055,0.0012480563657076135,0.0010976119541842245,0.0010551775650351545,0.0011098394108869211,0.0009068670906556653,0.000827544651077962,0.0008077056847807633,0.0007828687721489055,0.000697964170941048,0.0007404581500069344,0.0006586501771733095,0.0005957564900537456,0.0007157492297774475,0.0006240110691476107
0.47,0.08281158391103374,0.06727433393149108,0.05772388890686776,0.04915675927105966,0.041008859891165324,0.03482334361517028,0.029098411044237514,0.02518664978110984,0.02098279605320275,0.017926680053504156,0.01566500369553919,0.013448227250924049,0.011587426433819022,0.010092194657226546,0.009034334410662698,0.0075858198644427315,0.006755958089526412,0.005880468150238655,0.005548558777166124,0.004826116412386226,0.004367056280679245,0.003649115329364301,0.0036482074314080682,0.003118632538180491,0.002846700735927227,0.0026072653065276705,0.002237710583880536,0.0021673146369184824,0.0020349530608151484,0.001902503441981727,0.001659350817260343,0.0015981282966185185,0.0015921523708670375,0.0015008907329596493,0.0012996202376233865,0.001308963135054292,0.0011582933565141066,0.0011036765395467621,0.0010121643419123594,0.0009116157265163027,0.0009747253415148908,0.0008755679223046945,0.00085750999383471,0.0007849920316894602,0.0007068650252025334,0.000679892670644215,0.0006559116925392562,0.0006009395188682013,0.0006071358396643849,0.0004726108068845034,0.0005259053288544254
0.48,0.08258468407606791,0.06840440812394194,0.05616345889885876,0.046341183380714884,0.03967097579419909,0.03388251007461588,0.028347136297318463,0.024297097231286775,0.019598755408307193,0.016255729398236093,0.01478873977065412,0.01208485357889699,0.010146767688918694,0.00937792759525048,0.008202716447972616,0.007304624143536239,0.0060688620048244685,0.005316752978058005,0.004944917587569029,0.004413666419821755,0.003960286219490621,0.003501104797755047,0.003313245451788147,0.0030181442230893672,0.0027660101932330374,0.0024749220051718283,0.0023983245169963336,0.0020865468575831697,0.0018836823661754895,0.0017708481629488332,0.001684851168849384,0.0015420391563427738,0.0014967726798580337,0.0013445922318410318,0.0012255700296539725,0.0011409293477402918,0.0010656448384233359,0.0010397729755537988,0.0009236595516561841,0.0008886442396764144,0.0007986489356806357,0.00078729214147154,0.0007362258620587396,0.0006956263660360075,0.0005925328439487981,0.000592624896872182,0.0005270426948200742,0.0006130876331764421,0.0005104986365171911,0.0005198324048856089,0.0004749114961694363
0.49,0.08398956970591005,0.06704178714335672,0.05552655257091843,0.04562663801046272,0.03768548296662604,0.03147725586609632,0.025927292807255975,0.02177649457868217,0.018948593588460155,0.015817843665619728,0.013371494886380017,0.011572883507576416,0.00964972171850255,0.008590150240751087,0.007417582391637294,0.006545407758075677,0.005769054654869768,0.005054497219711385,0.004823225726243144,0.003862021706906335,0.0034669227455332652,0.003251200570523593,0.0028225033116197453,0.002683951721966918,0.0024702841245310856,0.0021960285092928714,0.0021318973696982735,0.002099448311583558,0.0019738435834506913,0.0016029344822140303,0.0014590532002217913,0.0013261932441862758,0.0012691921560189776,0.0012309554589397219,0.001149090071998325,0.0009852932711053772,0.0010415254951946554,0.0008416587810943923,0.0009085273124716496,0.0008677430755074628,0.0007313975175914779,0.000680399062431501,0.0006109817230596713,0.0005951258437695053,0.0005813283615425304,0.0005555048147401133,0.0005492445949839676,0.0004916733026559359,0.0004410324179422357,0.00046483945032706116,0.0004663582299636511
0.50,0.08452316244439359,0.06605468128384942,0.05497923480846166,0.043662703616295775,0.03710972043329019,0.03068447781860746,0.02435105780524196,0.020964802091272047,0.016921382239313807,0.015051160956409047,0.01254864437616387,0.010478204057156175,0.009602221433787065,0.00811476617536412,0.0071717947318890194,0.006174577288048924,0.005542274791909977,0.004542701309334697,0.004384679728331421,0.0038690248078650214,0.0034601886952213873,0.0030896553228374024,0.002711523527443754,0.0024238950411980143,0.002327809574543265,0.0022172521385163224,0.0020530679431616343,0.0017610585481776173,0.0017695021712087707,0.0016129598263068675,0.0014198054924182606,0.0013877040833888007,0.0011917479469058046,0.0012020776118542955,0.000991239325487606,0.0010772090850025343,0.0009331856985535074,0.0008887706056282301,0.0006793303812164587,0.0006778522730630052,0.0006690527518462278,0.000632214155226023,0.0006242373074952377,0.000580617536987076,0.0006093167964126435,0.0005042936427119216,0.000436120642273235,0.0005133937167377673,0.00048104003550256217,0.00036550055044538,0.00036971353427277124
